schema_version,benchmark_id,benchmark_version,experiment_id,experiment_status,implementation_commit,run_id,paired_run_id,case_config_hash,run_config_hash,subset_id,case_id,arm_id,seed,controller_id,controller_family,artifact_path,source_script,monitor_enabled,monitor_id,hazard_target,hazard_threshold,hazard_comparator,r0_over_target,initial_velocity_angle_deg,thrust_scale,crossed_target_radius,first_crossing_step,recoverable_crossing,final_simulator_success,overspeed,max_speed_ratio,instability,unsafe_state,invalid_simulation,terminal_label,precursor_labels,diagnostic_labels,manual_audit_note,label_taxonomy_version,is_full_benchmark,subset_claim_scope,regression_set_membership,known_phase34_recoverable_case,monitor_evaluation_count,allow_count,veto_count,fallback_count,false_negative_count,fallback_failure_count,invalid_monitor_evaluation_count,nominal_actions_unchanged_count,steps,accepted_as_progress,acceptance_reason,is_formal_experiment,termination_reason,decision_stream_event_count,decision_stream_sha256,compact_decision_record_count,decision_log_mode,intervention_rate,allow_rate,fallback_rate,first_veto_step,last_veto_step,longest_consecutive_veto_steps,longest_consecutive_allow_steps,veto_segment_count,allow_segment_count
result_schema_v1,recoverability_benchmark,v1,final_veto_overspeed_ablation_v0,formal_executed_pending_validation,789e35b5be89d9d0a74c045c725dcea55af22b82,phase34_known_recoverable_preservation_v1__r0_1p00__angle_150__thrust_8000__seed_0__monitor_off,phase34_known_recoverable_preservation_v1__r0_1p00__angle_150__thrust_8000__seed_0,5c6af1cdb1f126813eced3152e797ef8357146c6dbd818b3675936d90393bc33,ad08c24b6dc6978d27b9717159953367def44b6ed0e8748abd93f70292e1c5bd,phase34_known_recoverable_preservation_v1,phase34_known_recoverable_preservation_v1__r0_1p00__angle_150__thrust_8000,monitor_off,0,phase34_post_cross_sync,explicit_controller,analysis/final_veto_ablation_v0/results.csv,scripts/run_final_veto_ablation.py,false,,overspeed,1.9,>,1.0,150.0,8000.0,true,1716,true,true,false,1.000000000000007,false,false,false,success,"[""target_radius_crossing""]",[],Raw formal arm row; pair-level acceptance has not been evaluated.,failure_label_taxonomy_v0,false,protected_preservation_set,"[""known_phase34_recoverable_preservation""]",true,0,0,0,0,0,0,0,2013,2013,false,raw formal arm requires paired and aggregate validation,true,success,0,e3b0c44298fc1c149afbf4c8996fb92427ae41e4649b934ca495991b7852b855,0,compact,0.0,0.0,0.0,,,0,0,0,0
result_schema_v1,recoverability_benchmark,v1,final_veto_overspeed_ablation_v0,formal_executed_pending_validation,789e35b5be89d9d0a74c045c725dcea55af22b82,phase34_known_recoverable_preservation_v1__r0_1p00__angle_150__thrust_8000__seed_0__monitor_on,phase34_known_recoverable_preservation_v1__r0_1p00__angle_150__thrust_8000__seed_0,5c6af1cdb1f126813eced3152e797ef8357146c6dbd818b3675936d90393bc33,83e5d92267f1f6f80664a6fa1377efa80da1fb83dc36c209038026e8d5cf2e0d,phase34_known_recoverable_preservation_v1,phase34_known_recoverable_preservation_v1__r0_1p00__angle_150__thrust_8000,monitor_on,0,phase34_post_cross_sync,explicit_controller,analysis/final_veto_ablation_v0/results.csv,scripts/run_final_veto_ablation.py,true,one_step_overspeed_veto_v0,overspeed,1.9,>,1.0,150.0,8000.0,true,1716,true,true,false,1.000000000000007,false,false,false,success,"[""target_radius_crossing""]",[],Raw formal arm row; pair-level acceptance has not been evaluated.,failure_label_taxonomy_v0,false,protected_preservation_set,"[""known_phase34_recoverable_preservation""]",true,2013,2013,0,0,0,0,0,2013,2013,false,raw formal arm requires paired and aggregate validation,true,success,2013,0c4a6d87ed8facb5656df52856be3155e00db5920ba49f831f1fde167c7a22e1,5,compact,0.0,1.0,0.0,,,0,2013,0,4
result_schema_v1,recoverability_benchmark,v1,final_veto_overspeed_ablation_v0,formal_executed_pending_validation,789e35b5be89d9d0a74c045c725dcea55af22b82,phase34_known_recoverable_preservation_v1__r0_1p00__angle_165__thrust_8000__seed_0__monitor_off,phase34_known_recoverable_preservation_v1__r0_1p00__angle_165__thrust_8000__seed_0,73751c2461c32fd8b53130958951be1dfc27d2b15c4b694f99f30c7b1930d2b0,5d20365546490bec386d0a840d9b6fca28cb10828e20a5585fa0972871bd79c2,phase34_known_recoverable_preservation_v1,phase34_known_recoverable_preservation_v1__r0_1p00__angle_165__thrust_8000,monitor_off,0,phase34_post_cross_sync,explicit_controller,analysis/final_veto_ablation_v0/results.csv,scripts/run_final_veto_ablation.py,false,,overspeed,1.9,>,1.0,165.0,8000.0,true,893,true,true,false,1.0000000000000073,false,false,false,success,"[""target_radius_crossing""]",[],Raw formal arm row; pair-level acceptance has not been evaluated.,failure_label_taxonomy_v0,false,protected_preservation_set,"[""known_phase34_recoverable_preservation""]",true,0,0,0,0,0,0,0,1194,1194,false,raw formal arm requires paired and aggregate validation,true,success,0,e3b0c44298fc1c149afbf4c8996fb92427ae41e4649b934ca495991b7852b855,0,compact,0.0,0.0,0.0,,,0,0,0,0
result_schema_v1,recoverability_benchmark,v1,final_veto_overspeed_ablation_v0,formal_executed_pending_validation,789e35b5be89d9d0a74c045c725dcea55af22b82,phase34_known_recoverable_preservation_v1__r0_1p00__angle_165__thrust_8000__seed_0__monitor_on,phase34_known_recoverable_preservation_v1__r0_1p00__angle_165__thrust_8000__seed_0,73751c2461c32fd8b53130958951be1dfc27d2b15c4b694f99f30c7b1930d2b0,8195417296ee1c641e33ecba699d424be214dc9433ac6006bf5065072d441465,phase34_known_recoverable_preservation_v1,phase34_known_recoverable_preservation_v1__r0_1p00__angle_165__thrust_8000,monitor_on,0,phase34_post_cross_sync,explicit_controller,analysis/final_veto_ablation_v0/results.csv,scripts/run_final_veto_ablation.py,true,one_step_overspeed_veto_v0,overspeed,1.9,>,1.0,165.0,8000.0,true,893,true,true,false,1.0000000000000073,false,false,false,success,"[""target_radius_crossing""]",[],Raw formal arm row; pair-level acceptance has not been evaluated.,failure_label_taxonomy_v0,false,protected_preservation_set,"[""known_phase34_recoverable_preservation""]",true,1194,1194,0,0,0,0,0,1194,1194,false,raw formal arm requires paired and aggregate validation,true,success,1194,fa3afc38d1ef7ac98d7fff3a746862e5680be4770c6001bc7923178efb6ef2c4,5,compact,0.0,1.0,0.0,,,0,1194,0,4
result_schema_v1,recoverability_benchmark,v1,final_veto_overspeed_ablation_v0,formal_executed_pending_validation,789e35b5be89d9d0a74c045c725dcea55af22b82,phase34_known_recoverable_preservation_v1__r0_1p00__angle_170__thrust_8000__seed_0__monitor_off,phase34_known_recoverable_preservation_v1__r0_1p00__angle_170__thrust_8000__seed_0,8f0de2c6b025afad953b7841cceae13e4e8314ca00dfdbd15ac3d9f6ca6ca648,fcd19c8e91b0d78338407e0582143a7550074501e4c7a0e5efe178cffd62a517,phase34_known_recoverable_preservation_v1,phase34_known_recoverable_preservation_v1__r0_1p00__angle_170__thrust_8000,monitor_off,0,phase34_post_cross_sync,explicit_controller,analysis/final_veto_ablation_v0/results.csv,scripts/run_final_veto_ablation.py,false,,overspeed,1.9,>,1.0,170.0,8000.0,true,182,true,true,false,1.000000000000007,false,false,false,success,"[""target_radius_crossing""]",[],Raw formal arm row; pair-level acceptance has not been evaluated.,failure_label_taxonomy_v0,false,protected_preservation_set,"[""known_phase34_recoverable_preservation""]",true,0,0,0,0,0,0,0,478,478,false,raw formal arm requires paired and aggregate validation,true,success,0,e3b0c44298fc1c149afbf4c8996fb92427ae41e4649b934ca495991b7852b855,0,compact,0.0,0.0,0.0,,,0,0,0,0
result_schema_v1,recoverability_benchmark,v1,final_veto_overspeed_ablation_v0,formal_executed_pending_validation,789e35b5be89d9d0a74c045c725dcea55af22b82,phase34_known_recoverable_preservation_v1__r0_1p00__angle_170__thrust_8000__seed_0__monitor_on,phase34_known_recoverable_preservation_v1__r0_1p00__angle_170__thrust_8000__seed_0,8f0de2c6b025afad953b7841cceae13e4e8314ca00dfdbd15ac3d9f6ca6ca648,e6bd881bc5a19ad0252037db40d787acf100b36f6c14e07a0444a191dc15ebcb,phase34_known_recoverable_preservation_v1,phase34_known_recoverable_preservation_v1__r0_1p00__angle_170__thrust_8000,monitor_on,0,phase34_post_cross_sync,explicit_controller,analysis/final_veto_ablation_v0/results.csv,scripts/run_final_veto_ablation.py,true,one_step_overspeed_veto_v0,overspeed,1.9,>,1.0,170.0,8000.0,true,182,true,true,false,1.000000000000007,false,false,false,success,"[""target_radius_crossing""]",[],Raw formal arm row; pair-level acceptance has not been evaluated.,failure_label_taxonomy_v0,false,protected_preservation_set,"[""known_phase34_recoverable_preservation""]",true,478,478,0,0,0,0,0,478,478,false,raw formal arm requires paired and aggregate validation,true,success,478,7ab1af418dab969396697eed8f25faab5cc189fd64df3d2a8a95b3a4ae6e85fa,5,compact,0.0,1.0,0.0,,,0,478,0,4
result_schema_v1,recoverability_benchmark,v1,final_veto_overspeed_ablation_v0,formal_executed_pending_validation,789e35b5be89d9d0a74c045c725dcea55af22b82,phase34_known_recoverable_preservation_v1__r0_1p00__angle_175__thrust_8000__seed_0__monitor_off,phase34_known_recoverable_preservation_v1__r0_1p00__angle_175__thrust_8000__seed_0,5f9034528674c2daf4f1588f9c78e51835b25072844f4b84ee283aad483ed026,c0d70c320d90edd780983226414858ab185109cd30e77bcf5d8bcfa9a026cb02,phase34_known_recoverable_preservation_v1,phase34_known_recoverable_preservation_v1__r0_1p00__angle_175__thrust_8000,monitor_off,0,phase34_post_cross_sync,explicit_controller,analysis/final_veto_ablation_v0/results.csv,scripts/run_final_veto_ablation.py,false,,overspeed,1.9,>,1.0,175.0,8000.0,true,4458,true,true,false,1.0000000000000075,false,false,false,success,"[""target_radius_crossing""]",[],Raw formal arm row; pair-level acceptance has not been evaluated.,failure_label_taxonomy_v0,false,protected_preservation_set,"[""known_phase34_recoverable_preservation""]",true,0,0,0,0,0,0,0,4793,4793,false,raw formal arm requires paired and aggregate validation,true,success,0,e3b0c44298fc1c149afbf4c8996fb92427ae41e4649b934ca495991b7852b855,0,compact,0.0,0.0,0.0,,,0,0,0,0
result_schema_v1,recoverability_benchmark,v1,final_veto_overspeed_ablation_v0,formal_executed_pending_validation,789e35b5be89d9d0a74c045c725dcea55af22b82,phase34_known_recoverable_preservation_v1__r0_1p00__angle_175__thrust_8000__seed_0__monitor_on,phase34_known_recoverable_preservation_v1__r0_1p00__angle_175__thrust_8000__seed_0,5f9034528674c2daf4f1588f9c78e51835b25072844f4b84ee283aad483ed026,6274dea4b85c716e300cb7c2f511a8b85090676d04f30216f411b305539422f7,phase34_known_recoverable_preservation_v1,phase34_known_recoverable_preservation_v1__r0_1p00__angle_175__thrust_8000,monitor_on,0,phase34_post_cross_sync,explicit_controller,analysis/final_veto_ablation_v0/results.csv,scripts/run_final_veto_ablation.py,true,one_step_overspeed_veto_v0,overspeed,1.9,>,1.0,175.0,8000.0,true,4458,true,true,false,1.0000000000000075,false,false,false,success,"[""target_radius_crossing""]",[],Raw formal arm row; pair-level acceptance has not been evaluated.,failure_label_taxonomy_v0,false,protected_preservation_set,"[""known_phase34_recoverable_preservation""]",true,4793,4793,0,0,0,0,0,4793,4793,false,raw formal arm requires paired and aggregate validation,true,success,4793,dfb5eb5ca81630d99b0fc5ae5267991d610da6abbe2928908d61cc1abee42361,5,compact,0.0,1.0,0.0,,,0,4793,0,4
result_schema_v1,recoverability_benchmark,v1,final_veto_overspeed_ablation_v0,formal_executed_pending_validation,789e35b5be89d9d0a74c045c725dcea55af22b82,phase34_known_recoverable_preservation_v1__r0_1p00__angle_150__thrust_10000__seed_0__monitor_off,phase34_known_recoverable_preservation_v1__r0_1p00__angle_150__thrust_10000__seed_0,9efd95bd7b3c336e1651396b094d82f62a0a273c40bc2e9281c2e1505386f49d,7e354675c7b20cca2b5e3f60f6dcf740635481b0c74c449a3d5280c22438968e,phase34_known_recoverable_preservation_v1,phase34_known_recoverable_preservation_v1__r0_1p00__angle_150__thrust_10000,monitor_off,0,phase34_post_cross_sync,explicit_controller,analysis/final_veto_ablation_v0/results.csv,scripts/run_final_veto_ablation.py,false,,overspeed,1.9,>,1.0,150.0,10000.0,true,868,true,true,false,1.000000000000005,false,false,false,success,"[""target_radius_crossing""]",[],Raw formal arm row; pair-level acceptance has not been evaluated.,failure_label_taxonomy_v0,false,protected_preservation_set,"[""known_phase34_recoverable_preservation""]",true,0,0,0,0,0,0,0,1153,1153,false,raw formal arm requires paired and aggregate validation,true,success,0,e3b0c44298fc1c149afbf4c8996fb92427ae41e4649b934ca495991b7852b855,0,compact,0.0,0.0,0.0,,,0,0,0,0
result_schema_v1,recoverability_benchmark,v1,final_veto_overspeed_ablation_v0,formal_executed_pending_validation,789e35b5be89d9d0a74c045c725dcea55af22b82,phase34_known_recoverable_preservation_v1__r0_1p00__angle_150__thrust_10000__seed_0__monitor_on,phase34_known_recoverable_preservation_v1__r0_1p00__angle_150__thrust_10000__seed_0,9efd95bd7b3c336e1651396b094d82f62a0a273c40bc2e9281c2e1505386f49d,6cced11c64ea55fbfdb51275e19afc9338f770693706bf3d2a01b713966ba52e,phase34_known_recoverable_preservation_v1,phase34_known_recoverable_preservation_v1__r0_1p00__angle_150__thrust_10000,monitor_on,0,phase34_post_cross_sync,explicit_controller,analysis/final_veto_ablation_v0/results.csv,scripts/run_final_veto_ablation.py,true,one_step_overspeed_veto_v0,overspeed,1.9,>,1.0,150.0,10000.0,true,868,true,true,false,1.000000000000005,false,false,false,success,"[""target_radius_crossing""]",[],Raw formal arm row; pair-level acceptance has not been evaluated.,failure_label_taxonomy_v0,false,protected_preservation_set,"[""known_phase34_recoverable_preservation""]",true,1153,1153,0,0,0,0,0,1153,1153,false,raw formal arm requires paired and aggregate validation,true,success,1153,43adc5f36a26769cb0b198ad7d3592302043f9409fb3cb5bd7e9e8b5f665a296,5,compact,0.0,1.0,0.0,,,0,1153,0,4
result_schema_v1,recoverability_benchmark,v1,final_veto_overspeed_ablation_v0,formal_executed_pending_validation,789e35b5be89d9d0a74c045c725dcea55af22b82,phase34_known_recoverable_preservation_v1__r0_1p00__angle_165__thrust_10000__seed_0__monitor_off,phase34_known_recoverable_preservation_v1__r0_1p00__angle_165__thrust_10000__seed_0,2e395acd6725c050664efa46569fca27c31cce5f7cc5199ddd1103c18ccda9b8,9b4dfa841a98ce2bb25e8733ebc57ca6149d4ef80933ac17b987476dcdcdbc50,phase34_known_recoverable_preservation_v1,phase34_known_recoverable_preservation_v1__r0_1p00__angle_165__thrust_10000,monitor_off,0,phase34_post_cross_sync,explicit_controller,analysis/final_veto_ablation_v0/results.csv,scripts/run_final_veto_ablation.py,false,,overspeed,1.9,>,1.0,165.0,10000.0,true,389,true,true,false,1.0000000000000056,false,false,false,success,"[""target_radius_crossing""]",[],Raw formal arm row; pair-level acceptance has not been evaluated.,failure_label_taxonomy_v0,false,protected_preservation_set,"[""known_phase34_recoverable_preservation""]",true,0,0,0,0,0,0,0,661,661,false,raw formal arm requires paired and aggregate validation,true,success,0,e3b0c44298fc1c149afbf4c8996fb92427ae41e4649b934ca495991b7852b855,0,compact,0.0,0.0,0.0,,,0,0,0,0
result_schema_v1,recoverability_benchmark,v1,final_veto_overspeed_ablation_v0,formal_executed_pending_validation,789e35b5be89d9d0a74c045c725dcea55af22b82,phase34_known_recoverable_preservation_v1__r0_1p00__angle_165__thrust_10000__seed_0__monitor_on,phase34_known_recoverable_preservation_v1__r0_1p00__angle_165__thrust_10000__seed_0,2e395acd6725c050664efa46569fca27c31cce5f7cc5199ddd1103c18ccda9b8,6059659817ac5f960305067c496d56a7798a8bcd0580ecb64dc8f5c665c1d55e,phase34_known_recoverable_preservation_v1,phase34_known_recoverable_preservation_v1__r0_1p00__angle_165__thrust_10000,monitor_on,0,phase34_post_cross_sync,explicit_controller,analysis/final_veto_ablation_v0/results.csv,scripts/run_final_veto_ablation.py,true,one_step_overspeed_veto_v0,overspeed,1.9,>,1.0,165.0,10000.0,true,389,true,true,false,1.0000000000000056,false,false,false,success,"[""target_radius_crossing""]",[],Raw formal arm row; pair-level acceptance has not been evaluated.,failure_label_taxonomy_v0,false,protected_preservation_set,"[""known_phase34_recoverable_preservation""]",true,661,661,0,0,0,0,0,661,661,false,raw formal arm requires paired and aggregate validation,true,success,661,4482e5f96969eb7e557b13859b5af6604bf2f6d42fde4a9fccd8c4941d34d9bd,5,compact,0.0,1.0,0.0,,,0,661,0,4
result_schema_v1,recoverability_benchmark,v1,final_veto_overspeed_ablation_v0,formal_executed_pending_validation,789e35b5be89d9d0a74c045c725dcea55af22b82,phase34_known_recoverable_preservation_v1__r0_1p00__angle_170__thrust_10000__seed_0__monitor_off,phase34_known_recoverable_preservation_v1__r0_1p00__angle_170__thrust_10000__seed_0,31cc944ca65b2b4c3e28d374cb6380b6c79ecfd70965f246534d4681c91be389,233fdfcaf9213daa69336a651c29fcbb86f657902d08bc5126baa2301e9c2b3b,phase34_known_recoverable_preservation_v1,phase34_known_recoverable_preservation_v1__r0_1p00__angle_170__thrust_10000,monitor_off,0,phase34_post_cross_sync,explicit_controller,analysis/final_veto_ablation_v0/results.csv,scripts/run_final_veto_ablation.py,false,,overspeed,1.9,>,1.0,170.0,10000.0,true,248,true,true,false,1.0000000000000058,false,false,false,success,"[""target_radius_crossing""]",[],Raw formal arm row; pair-level acceptance has not been evaluated.,failure_label_taxonomy_v0,false,protected_preservation_set,"[""known_phase34_recoverable_preservation""]",true,0,0,0,0,0,0,0,551,551,false,raw formal arm requires paired and aggregate validation,true,success,0,e3b0c44298fc1c149afbf4c8996fb92427ae41e4649b934ca495991b7852b855,0,compact,0.0,0.0,0.0,,,0,0,0,0
result_schema_v1,recoverability_benchmark,v1,final_veto_overspeed_ablation_v0,formal_executed_pending_validation,789e35b5be89d9d0a74c045c725dcea55af22b82,phase34_known_recoverable_preservation_v1__r0_1p00__angle_170__thrust_10000__seed_0__monitor_on,phase34_known_recoverable_preservation_v1__r0_1p00__angle_170__thrust_10000__seed_0,31cc944ca65b2b4c3e28d374cb6380b6c79ecfd70965f246534d4681c91be389,2868ea80e203f11bf8c950199e8c7733504fc198c5a82c89eb89a47afb1b087d,phase34_known_recoverable_preservation_v1,phase34_known_recoverable_preservation_v1__r0_1p00__angle_170__thrust_10000,monitor_on,0,phase34_post_cross_sync,explicit_controller,analysis/final_veto_ablation_v0/results.csv,scripts/run_final_veto_ablation.py,true,one_step_overspeed_veto_v0,overspeed,1.9,>,1.0,170.0,10000.0,true,248,true,true,false,1.0000000000000058,false,false,false,success,"[""target_radius_crossing""]",[],Raw formal arm row; pair-level acceptance has not been evaluated.,failure_label_taxonomy_v0,false,protected_preservation_set,"[""known_phase34_recoverable_preservation""]",true,551,551,0,0,0,0,0,551,551,false,raw formal arm requires paired and aggregate validation,true,success,551,423e327222a80750629a6e3155744edec5159f4d8e5accaa443d90d79ec18975,5,compact,0.0,1.0,0.0,,,0,551,0,4
result_schema_v1,recoverability_benchmark,v1,final_veto_overspeed_ablation_v0,formal_executed_pending_validation,789e35b5be89d9d0a74c045c725dcea55af22b82,phase34_known_recoverable_preservation_v1__r0_1p00__angle_175__thrust_10000__seed_0__monitor_off,phase34_known_recoverable_preservation_v1__r0_1p00__angle_175__thrust_10000__seed_0,4ea2c0f823cfb746270840ee250dd49156ee8c784c571f665581273c48060501,9431cfd549a2901bbea2aacc9867244c525114ec9ecff064ba52b2203e44a7a0,phase34_known_recoverable_preservation_v1,phase34_known_recoverable_preservation_v1__r0_1p00__angle_175__thrust_10000,monitor_off,0,phase34_post_cross_sync,explicit_controller,analysis/final_veto_ablation_v0/results.csv,scripts/run_final_veto_ablation.py,false,,overspeed,1.9,>,1.0,175.0,10000.0,true,182,true,true,false,1.0000000000000058,false,false,false,success,"[""target_radius_crossing""]",[],Raw formal arm row; pair-level acceptance has not been evaluated.,failure_label_taxonomy_v0,false,protected_preservation_set,"[""known_phase34_recoverable_preservation""]",true,0,0,0,0,0,0,0,484,484,false,raw formal arm requires paired and aggregate validation,true,success,0,e3b0c44298fc1c149afbf4c8996fb92427ae41e4649b934ca495991b7852b855,0,compact,0.0,0.0,0.0,,,0,0,0,0
result_schema_v1,recoverability_benchmark,v1,final_veto_overspeed_ablation_v0,formal_executed_pending_validation,789e35b5be89d9d0a74c045c725dcea55af22b82,phase34_known_recoverable_preservation_v1__r0_1p00__angle_175__thrust_10000__seed_0__monitor_on,phase34_known_recoverable_preservation_v1__r0_1p00__angle_175__thrust_10000__seed_0,4ea2c0f823cfb746270840ee250dd49156ee8c784c571f665581273c48060501,ebffa3b311052545b14fb0304918abb88800206e05fb44de0977571dbc074e5a,phase34_known_recoverable_preservation_v1,phase34_known_recoverable_preservation_v1__r0_1p00__angle_175__thrust_10000,monitor_on,0,phase34_post_cross_sync,explicit_controller,analysis/final_veto_ablation_v0/results.csv,scripts/run_final_veto_ablation.py,true,one_step_overspeed_veto_v0,overspeed,1.9,>,1.0,175.0,10000.0,true,182,true,true,false,1.0000000000000058,false,false,false,success,"[""target_radius_crossing""]",[],Raw formal arm row; pair-level acceptance has not been evaluated.,failure_label_taxonomy_v0,false,protected_preservation_set,"[""known_phase34_recoverable_preservation""]",true,484,484,0,0,0,0,0,484,484,false,raw formal arm requires paired and aggregate validation,true,success,484,6963a501a0f1ee224904b07d27510a8fe137be5349d89470d94afe4e99223ab3,5,compact,0.0,1.0,0.0,,,0,484,0,4
result_schema_v1,recoverability_benchmark,v1,final_veto_overspeed_ablation_v0,formal_executed_pending_validation,789e35b5be89d9d0a74c045c725dcea55af22b82,phase35_radial_energy_push_overspeed_stress_v0__r0_0p98__angle_150__thrust_8000__seed_0__monitor_off,phase35_radial_energy_push_overspeed_stress_v0__r0_0p98__angle_150__thrust_8000__seed_0,0d1031e82b150ea7ed4f3f5fe494855418ef960bebc89b85bd7c9dbb97dfab12,b0dee9d263fcf16c0c451aab86c8d637ca489e802ddd232ce184fdb333e72251,phase35_radial_energy_push_overspeed_stress_v0,phase35_radial_energy_push_overspeed_stress_v0__r0_0p98__angle_150__thrust_8000,monitor_off,0,phase35_crossing_basin_expansion,explicit_controller,analysis/final_veto_ablation_v0/results.csv,scripts/run_final_veto_ablation.py,false,,overspeed,1.9,>,0.98,150.0,8000.0,false,,false,false,true,1.9183887199363643,false,false,false,overspeed,[],[],Raw formal arm row; pair-level acceptance has not been evaluated.,failure_label_taxonomy_v0,false,diagnostic_stress_set,"[""diagnostic_stress""]",false,0,0,0,0,0,0,0,28,28,false,raw formal arm requires paired and aggregate validation,true,overspeed,0,e3b0c44298fc1c149afbf4c8996fb92427ae41e4649b934ca495991b7852b855,0,compact,0.0,0.0,0.0,,,0,0,0,0
result_schema_v1,recoverability_benchmark,v1,final_veto_overspeed_ablation_v0,formal_executed_pending_validation,789e35b5be89d9d0a74c045c725dcea55af22b82,phase35_radial_energy_push_overspeed_stress_v0__r0_0p98__angle_150__thrust_8000__seed_0__monitor_on,phase35_radial_energy_push_overspeed_stress_v0__r0_0p98__angle_150__thrust_8000__seed_0,0d1031e82b150ea7ed4f3f5fe494855418ef960bebc89b85bd7c9dbb97dfab12,1890250e4a3a55d7f77d048c28219fb6a1e290fbc818b6fc1b099fe7b7fd66b7,phase35_radial_energy_push_overspeed_stress_v0,phase35_radial_energy_push_overspeed_stress_v0__r0_0p98__angle_150__thrust_8000,monitor_on,0,phase35_crossing_basin_expansion,explicit_controller,analysis/final_veto_ablation_v0/results.csv,scripts/run_final_veto_ablation.py,true,one_step_overspeed_veto_v0,overspeed,1.9,>,0.98,150.0,8000.0,false,,false,false,false,1.8906024454524528,false,false,false,no_crossing,[],[],Raw formal arm row; pair-level acceptance has not been evaluated.,failure_label_taxonomy_v0,false,diagnostic_stress_set,"[""diagnostic_stress""]",false,100000,27,99973,99973,0,0,0,27,100000,false,raw formal arm requires paired and aggregate validation,true,max_steps,100000,26c2a6b1730a993b3965140e318642ab0e103b7745598d024d465e5d8ce0ab97,3,compact,0.99973,0.00027,0.99973,28,100000,99973,27,1,1
result_schema_v1,recoverability_benchmark,v1,final_veto_overspeed_ablation_v0,formal_executed_pending_validation,789e35b5be89d9d0a74c045c725dcea55af22b82,phase35_radial_energy_push_overspeed_stress_v0__r0_0p98__angle_150__thrust_10000__seed_0__monitor_off,phase35_radial_energy_push_overspeed_stress_v0__r0_0p98__angle_150__thrust_10000__seed_0,5e5432c17487ede8ba35fb0d2841e3bc4577d156bc000c5b0d29dac4cc4b0ef9,15675e5784dadd5f89fe91ebd94a1d67685c2204ccf4f0ad8f9fc9f4a12f3bb9,phase35_radial_energy_push_overspeed_stress_v0,phase35_radial_energy_push_overspeed_stress_v0__r0_0p98__angle_150__thrust_10000,monitor_off,0,phase35_crossing_basin_expansion,explicit_controller,analysis/final_veto_ablation_v0/results.csv,scripts/run_final_veto_ablation.py,false,,overspeed,1.9,>,0.98,150.0,10000.0,false,,false,false,true,1.9126848034791675,false,false,false,overspeed,[],[],Raw formal arm row; pair-level acceptance has not been evaluated.,failure_label_taxonomy_v0,false,diagnostic_stress_set,"[""diagnostic_stress""]",false,0,0,0,0,0,0,0,22,22,false,raw formal arm requires paired and aggregate validation,true,overspeed,0,e3b0c44298fc1c149afbf4c8996fb92427ae41e4649b934ca495991b7852b855,0,compact,0.0,0.0,0.0,,,0,0,0,0
result_schema_v1,recoverability_benchmark,v1,final_veto_overspeed_ablation_v0,formal_executed_pending_validation,789e35b5be89d9d0a74c045c725dcea55af22b82,phase35_radial_energy_push_overspeed_stress_v0__r0_0p98__angle_150__thrust_10000__seed_0__monitor_on,phase35_radial_energy_push_overspeed_stress_v0__r0_0p98__angle_150__thrust_10000__seed_0,5e5432c17487ede8ba35fb0d2841e3bc4577d156bc000c5b0d29dac4cc4b0ef9,b0790deb339c8e38dfa8095a5f76f83892b425c2023abcd58481aaa0babdf2ab,phase35_radial_energy_push_overspeed_stress_v0,phase35_radial_energy_push_overspeed_stress_v0__r0_0p98__angle_150__thrust_10000,monitor_on,0,phase35_crossing_basin_expansion,explicit_controller,analysis/final_veto_ablation_v0/results.csv,scripts/run_final_veto_ablation.py,true,one_step_overspeed_veto_v0,overspeed,1.9,>,0.98,150.0,10000.0,false,,false,false,false,1.8783279728150262,false,false,false,no_crossing,[],[],Raw formal arm row; pair-level acceptance has not been evaluated.,failure_label_taxonomy_v0,false,diagnostic_stress_set,"[""diagnostic_stress""]",false,100000,21,99979,99979,0,0,0,21,100000,false,raw formal arm requires paired and aggregate validation,true,max_steps,100000,741ca67caf0362aa50ee93e882d38da5dcb0a25ab3e5acf0cc7801114e578f1e,3,compact,0.99979,0.00021,0.99979,22,100000,99979,21,1,1
result_schema_v1,recoverability_benchmark,v1,final_veto_overspeed_ablation_v0,formal_executed_pending_validation,789e35b5be89d9d0a74c045c725dcea55af22b82,phase35_radial_energy_push_overspeed_stress_v0__r0_0p98__angle_165__thrust_10000__seed_0__monitor_off,phase35_radial_energy_push_overspeed_stress_v0__r0_0p98__angle_165__thrust_10000__seed_0,f14de0611c72863efaa623b297e53ae2bea104ce1c571f68b3a407e1e1143670,3f62129a6a79bfafd9d6cb67d07c6d9be177b7920ccee4740aa19070068c89e9,phase35_radial_energy_push_overspeed_stress_v0,phase35_radial_energy_push_overspeed_stress_v0__r0_0p98__angle_165__thrust_10000,monitor_off,0,phase35_crossing_basin_expansion,explicit_controller,analysis/final_veto_ablation_v0/results.csv,scripts/run_final_veto_ablation.py,false,,overspeed,1.9,>,0.98,165.0,10000.0,false,,false,false,true,1.9149668140054565,false,false,false,overspeed,[],[],Raw formal arm row; pair-level acceptance has not been evaluated.,failure_label_taxonomy_v0,false,diagnostic_stress_set,"[""diagnostic_stress""]",false,0,0,0,0,0,0,0,25,25,false,raw formal arm requires paired and aggregate validation,true,overspeed,0,e3b0c44298fc1c149afbf4c8996fb92427ae41e4649b934ca495991b7852b855,0,compact,0.0,0.0,0.0,,,0,0,0,0
result_schema_v1,recoverability_benchmark,v1,final_veto_overspeed_ablation_v0,formal_executed_pending_validation,789e35b5be89d9d0a74c045c725dcea55af22b82,phase35_radial_energy_push_overspeed_stress_v0__r0_0p98__angle_165__thrust_10000__seed_0__monitor_on,phase35_radial_energy_push_overspeed_stress_v0__r0_0p98__angle_165__thrust_10000__seed_0,f14de0611c72863efaa623b297e53ae2bea104ce1c571f68b3a407e1e1143670,ca3df7cd90d47bf22cbf6f2267588e70e610c5ce9a9bf5f5b5beac8d935912d5,phase35_radial_energy_push_overspeed_stress_v0,phase35_radial_energy_push_overspeed_stress_v0__r0_0p98__angle_165__thrust_10000,monitor_on,0,phase35_crossing_basin_expansion,explicit_controller,analysis/final_veto_ablation_v0/results.csv,scripts/run_final_veto_ablation.py,true,one_step_overspeed_veto_v0,overspeed,1.9,>,0.98,165.0,10000.0,false,,false,false,false,1.8832194052039601,false,false,false,no_crossing,[],[],Raw formal arm row; pair-level acceptance has not been evaluated.,failure_label_taxonomy_v0,false,diagnostic_stress_set,"[""diagnostic_stress""]",false,100000,24,99976,99976,0,0,0,24,100000,false,raw formal arm requires paired and aggregate validation,true,max_steps,100000,234f4f55a321d29586a3b8135ab9119f6652eb9e7bf6fb51d765728a4f57b8cf,3,compact,0.99976,0.00024,0.99976,25,100000,99976,24,1,1
result_schema_v1,recoverability_benchmark,v1,final_veto_overspeed_ablation_v0,formal_executed_pending_validation,789e35b5be89d9d0a74c045c725dcea55af22b82,phase35_radial_energy_push_overspeed_stress_v0__r0_0p98__angle_170__thrust_10000__seed_0__monitor_off,phase35_radial_energy_push_overspeed_stress_v0__r0_0p98__angle_170__thrust_10000__seed_0,6288c9e3f9446dc475b67406f198d570fc0c51d1a45b63c97ba747870e6d2740,be3ed7cf11f897e432f1cdd13e207fcfce56c85aadec3e3c13ed205a20523e18,phase35_radial_energy_push_overspeed_stress_v0,phase35_radial_energy_push_overspeed_stress_v0__r0_0p98__angle_170__thrust_10000,monitor_off,0,phase35_crossing_basin_expansion,explicit_controller,analysis/final_veto_ablation_v0/results.csv,scripts/run_final_veto_ablation.py,false,,overspeed,1.9,>,0.98,170.0,10000.0,false,,false,false,true,1.9158258326120738,false,false,false,overspeed,[],[],Raw formal arm row; pair-level acceptance has not been evaluated.,failure_label_taxonomy_v0,false,diagnostic_stress_set,"[""diagnostic_stress""]",false,0,0,0,0,0,0,0,26,26,false,raw formal arm requires paired and aggregate validation,true,overspeed,0,e3b0c44298fc1c149afbf4c8996fb92427ae41e4649b934ca495991b7852b855,0,compact,0.0,0.0,0.0,,,0,0,0,0
result_schema_v1,recoverability_benchmark,v1,final_veto_overspeed_ablation_v0,formal_executed_pending_validation,789e35b5be89d9d0a74c045c725dcea55af22b82,phase35_radial_energy_push_overspeed_stress_v0__r0_0p98__angle_170__thrust_10000__seed_0__monitor_on,phase35_radial_energy_push_overspeed_stress_v0__r0_0p98__angle_170__thrust_10000__seed_0,6288c9e3f9446dc475b67406f198d570fc0c51d1a45b63c97ba747870e6d2740,52da359e319be1767e135564778ae1326f999287cfab0c444aed5d74892e8dcd,phase35_radial_energy_push_overspeed_stress_v0,phase35_radial_energy_push_overspeed_stress_v0__r0_0p98__angle_170__thrust_10000,monitor_on,0,phase35_crossing_basin_expansion,explicit_controller,analysis/final_veto_ablation_v0/results.csv,scripts/run_final_veto_ablation.py,true,one_step_overspeed_veto_v0,overspeed,1.9,>,0.98,170.0,10000.0,false,,false,false,false,1.8850653215706912,false,false,false,no_crossing,[],[],Raw formal arm row; pair-level acceptance has not been evaluated.,failure_label_taxonomy_v0,false,diagnostic_stress_set,"[""diagnostic_stress""]",false,100000,25,99975,99975,0,0,0,25,100000,false,raw formal arm requires paired and aggregate validation,true,max_steps,100000,9c345c18bbbcd4ecf98794bdb63fccb2a39a091cd31cb1ae5b6ed3fd14585ddb,3,compact,0.99975,0.00025,0.99975,26,100000,99975,25,1,1
result_schema_v1,recoverability_benchmark,v1,final_veto_overspeed_ablation_v0,formal_executed_pending_validation,789e35b5be89d9d0a74c045c725dcea55af22b82,phase35_radial_energy_push_overspeed_stress_v0__r0_0p98__angle_175__thrust_10000__seed_0__monitor_off,phase35_radial_energy_push_overspeed_stress_v0__r0_0p98__angle_175__thrust_10000__seed_0,c35ce4f26a8ca68fb03d9accb8cd70431d28a3122d39877a7894f7e4bb72079a,3efdcda35d1884c646db57c843c34f0379fcbca53fc3fd47e1503a60840b8634,phase35_radial_energy_push_overspeed_stress_v0,phase35_radial_energy_push_overspeed_stress_v0__r0_0p98__angle_175__thrust_10000,monitor_off,0,phase35_crossing_basin_expansion,explicit_controller,analysis/final_veto_ablation_v0/results.csv,scripts/run_final_veto_ablation.py,false,,overspeed,1.9,>,0.98,175.0,10000.0,false,,false,false,true,1.9121328346751392,false,false,false,overspeed,[],[],Raw formal arm row; pair-level acceptance has not been evaluated.,failure_label_taxonomy_v0,false,diagnostic_stress_set,"[""diagnostic_stress""]",false,0,0,0,0,0,0,0,27,27,false,raw formal arm requires paired and aggregate validation,true,overspeed,0,e3b0c44298fc1c149afbf4c8996fb92427ae41e4649b934ca495991b7852b855,0,compact,0.0,0.0,0.0,,,0,0,0,0
result_schema_v1,recoverability_benchmark,v1,final_veto_overspeed_ablation_v0,formal_executed_pending_validation,789e35b5be89d9d0a74c045c725dcea55af22b82,phase35_radial_energy_push_overspeed_stress_v0__r0_0p98__angle_175__thrust_10000__seed_0__monitor_on,phase35_radial_energy_push_overspeed_stress_v0__r0_0p98__angle_175__thrust_10000__seed_0,c35ce4f26a8ca68fb03d9accb8cd70431d28a3122d39877a7894f7e4bb72079a,6576b09639d99e5efad6e179926cf238ee46fa1a2a860af15871029354ab8db1,phase35_radial_energy_push_overspeed_stress_v0,phase35_radial_energy_push_overspeed_stress_v0__r0_0p98__angle_175__thrust_10000,monitor_on,0,phase35_crossing_basin_expansion,explicit_controller,analysis/final_veto_ablation_v0/results.csv,scripts/run_final_veto_ablation.py,true,one_step_overspeed_veto_v0,overspeed,1.9,>,0.98,175.0,10000.0,false,,false,false,false,1.8823116542734124,false,false,false,no_crossing,[],[],Raw formal arm row; pair-level acceptance has not been evaluated.,failure_label_taxonomy_v0,false,diagnostic_stress_set,"[""diagnostic_stress""]",false,100000,26,99974,99974,0,0,0,26,100000,false,raw formal arm requires paired and aggregate validation,true,max_steps,100000,84818ee792ce7c5298aeb119728f82ce1c0040149aca70f2e339a013459ea1ee,3,compact,0.99974,0.00026,0.99974,27,100000,99974,26,1,1
