controller_name,r0_over_target,initial_velocity_angle_deg,thrust_scale,target_radius_scale,success,capture_entered,lock_entered,crossing_occurs,crossing_vr,crossing_vt_error,crossing_vr_ratio,crossing_vt_error_ratio,crossing_radius_error,recoverable_crossing,crossing_score,recoverability_score,near_miss,radius_crossings_total,first_crossing_step,minimum_abs_radius_error,final_radius_error,tail_mean_abs_vr,steps,terminated,truncated,termination_reason,dominant_planner_mode,planner_mode_counts_json,initial_energy_error_ratio,final_energy_error_ratio,initial_angular_momentum_error_ratio,final_angular_momentum_error_ratio,mean_energy_error_ratio,mean_angular_momentum_error_ratio,mean_crossing_score,mean_recoverability_score,initial_angular_momentum_ratio,final_angular_momentum_ratio,max_speed_ratio,overspeed,turning_point_count,burn_steps,coast_steps,burn_ratio,transfer_burn_count,safety_coast_steps,classification_counts_json
baseline_soft_linear_3e4,0.98,150.0,8000.0,1.0,False,False,False,False,,,,,,False,,,False,0,,148101427375.6953,148101437871.46484,297.67608708532185,100000,False,True,max_steps,unconditioned_descent,"{""unconditioned_descent"": 100000}",0.020408163265306076,0.9931940337535566,-0.12518223472029355,-0.8170958106540332,,,,,0.8748177652797064,0.18290418934596675,0.7467844171220183,False,0,0,0,0.0,0,,{}
baseline_soft_linear_3e4,1.0,150.0,8000.0,1.0,True,True,True,True,-38.530447607905636,-3195.2769906896274,-0.009158290866034995,-0.7594844569695679,-2413.50390625,False,0.6185775149366969,0.021872411989640565,False,1,128,1076.5029296875,2220.5693359375,28.016402607368157,349,True,False,success,soft_window,"{""soft_window"": 128}",0.0,5.921338994971445e-10,-0.1339745962155613,7.549516567451064e-15,,,0.6185775149366969,0.021872411989640565,0.8660254037844387,1.0000000000000075,1.0000000000000073,False,0,0,0,0.0,0,,{}
baseline_soft_linear_3e4,1.02,150.0,8000.0,1.0,False,False,False,False,,,,,,False,,,False,0,,150000152884.06055,151439399801.9121,288.3916029378637,100000,False,True,max_steps,unconditioned_descent,"{""unconditioned_descent"": 100000}",0.01960784313725499,0.9214919987051526,-0.14250707428745557,-0.8316073444984141,,,,,0.8574929257125444,0.16839265550158586,0.7267794177920996,False,0,0,0,0.0,0,,{}
baseline_soft_linear_3e4,1.05,150.0,8000.0,1.0,False,False,False,False,,,,,,False,,,False,0,,375000149886.9883,376127077512.8613,284.54300635253543,100000,False,True,max_steps,unconditioned_descent,"{""unconditioned_descent"": 100000}",0.04761904761904765,0.8709211513334464,-0.15484574527148331,-0.8428316645342933,,,,,0.8451542547285167,0.1571683354657068,0.712531949282445,False,0,0,0,0.0,0,,{}
baseline_soft_linear_3e4,0.98,165.0,8000.0,1.0,False,False,False,False,,,,,,False,,,False,0,,148955169044.06543,148955174869.99902,169.92036425051123,100000,False,True,max_steps,unconditioned_descent,"{""unconditioned_descent"": 100000}",0.020408163265306076,0.992831367481997,-0.024267568725401145,-0.7922170786121185,,,,,0.9757324312745989,0.2077829213878815,0.7467844312090415,False,0,0,0,0.0,0,,{}
baseline_soft_linear_3e4,1.0,165.0,8000.0,1.0,True,True,True,True,-75.5921283924204,-3183.1688515097776,-0.017967470973745035,-0.756606476895629,-6026.451171875,False,0.6268461474885241,0.02180655982767169,False,1,79,581.3896484375,5645.37109375,18.30163168160577,300,True,False,success,soft_window,"{""soft_window"": 79}",2.104654818683916e-16,1.5054145521914852e-09,-0.03407417371093191,7.549516567451064e-15,,,0.6268461474885241,0.02180655982767169,0.9659258262890681,1.0000000000000075,1.0000000000000073,False,0,0,0,0.0,0,,{}
baseline_soft_linear_3e4,1.02,165.0,8000.0,1.0,False,False,False,False,,,,,,False,,,False,0,,150000079138.60547,150774924506.69336,157.8707191308565,100000,False,True,max_steps,unconditioned_descent,"{""unconditioned_descent"": 100000}",0.019607843137254777,0.9211536502151909,-0.04359091640216495,-0.8096963107886394,,,,,0.956409083597835,0.19030368921136065,0.7267794307959223,False,0,0,0,0.0,0,,{}
baseline_soft_linear_3e4,1.05,165.0,8000.0,1.0,False,False,False,False,,,,,,False,,,False,0,,375000077587.208,375601949156.3242,152.95046609124174,100000,False,True,max_steps,unconditioned_descent,"{""unconditioned_descent"": 100000}",0.04761904761904765,0.8706005369748342,-0.057352915661626036,-0.8227570780104625,,,,,0.942647084338374,0.17724292198953748,0.7125319615538074,False,0,0,0,0.0,0,,{}
baseline_soft_linear_3e4,0.98,170.0,8000.0,1.0,False,False,False,False,,,,,,False,,,False,0,,149262453807.42383,149262458023.18555,124.09640653574039,100000,False,True,max_steps,unconditioned_descent,"{""unconditioned_descent"": 100000}",0.020408163265306496,0.9927022150611052,-0.005193942399973062,-0.7867428912650681,,,,,0.9948060576000269,0.21325710873493184,0.7467844361837457,False,0,0,0,0.0,0,,{}
baseline_soft_linear_3e4,1.0,170.0,8000.0,1.0,True,True,True,True,-69.01423483018289,-4727.470714164705,-0.01640397336941329,-1.1236711366960404,-2623.1083984375,False,0.9186216777498761,0.04348345057112868,False,1,42,1709.513671875,2275.509765625,11.434367729151932,266,True,False,success,soft_window,"{""soft_window"": 42}",2.104654818683916e-16,6.067846121554851e-10,-0.01519224698779198,7.327471962526033e-15,,,0.9186216777498761,0.04348345057112868,0.984807753012208,1.0000000000000073,1.0000000000000073,False,0,0,0,0.0,0,,{}
baseline_soft_linear_3e4,1.02,170.0,8000.0,1.0,False,False,False,False,,,,,,False,,,False,0,,150000053096.0664,150536104992.708,111.37700734995084,100000,False,True,max_steps,unconditioned_descent,"{""unconditioned_descent"": 100000}",0.01960784313725499,0.9210336064720429,-0.024895023050582443,-0.8050606944276244,,,,,0.9751049769494176,0.19493930557237563,0.7267794353881043,False,0,0,0,0.0,0,,{}
baseline_soft_linear_3e4,1.05,170.0,8000.0,1.0,False,False,False,False,,,,,,False,,,False,0,,375000052055.19434,375413005576.19336,106.21192603449481,100000,False,True,max_steps,unconditioned_descent,"{""unconditioned_descent"": 100000}",0.047619047619047436,0.8704869632104021,-0.038926041995105076,-0.8185805588806532,,,,,0.9610739580048949,0.18141944111934685,0.7125319658873277,False,0,0,0,0.0,0,,{}
baseline_soft_linear_3e4,0.98,175.0,8000.0,1.0,False,False,False,False,,,,,,False,,,False,0,,149577689612.25488,149577692213.9873,77.16213217288069,100000,False,True,max_steps,unconditioned_descent,"{""unconditioned_descent"": 100000}",0.020408163265306287,0.9925704599681217,0.006308609146797872,-0.7827966042172912,,,,,1.0063086091467979,0.21720339578270875,0.746784441235641,False,0,0,0,0.0,0,,{}
baseline_soft_linear_3e4,1.0,175.0,8000.0,1.0,True,True,True,True,-31.058008674702325,-3664.12991433049,-0.0073821690331051645,-0.8709259717889519,-762.443359375,False,0.7055993803725469,0.02761116937756757,False,1,8,596.3916015625,607.4658203125,3.3645032623345292,230,True,False,success,soft_window,"{""soft_window"": 8}",2.104654818683916e-16,1.6197255112205923e-10,-0.003805301908254566,7.549516567451064e-15,,,0.7055993803725469,0.02761116937756757,0.9961946980917454,1.0000000000000075,1.0000000000000075,False,0,0,0,0.0,0,,{}
baseline_soft_linear_3e4,1.02,175.0,8000.0,1.0,False,False,False,False,,,,,,False,,,False,0,,150000026649.43555,150291319592.0088,63.938993763791515,100000,False,True,max_steps,unconditioned_descent,"{""unconditioned_descent"": 100000}",0.019607843137254777,0.9209113934878578,-0.013620267358068205,-0.8018546995418536,,,,,0.9863797326419318,0.19814530045814632,0.7267794400515416,False,0,0,0,0.0,0,,{}
baseline_soft_linear_3e4,1.05,175.0,8000.0,1.0,False,False,False,False,,,,,,False,,,False,0,,375000026127.00977,375219241696.8496,58.60010511204866,100000,False,True,max_steps,unconditioned_descent,"{""unconditioned_descent"": 100000}",0.04761904761904765,0.8703714348681936,-0.02781352146132343,-0.8157451983995561,,,,,0.9721864785386766,0.18425480160044394,0.7125319702880899,False,0,0,0,0.0,0,,{}
baseline_soft_linear_3e4,0.98,150.0,10000.0,1.0,False,False,False,False,,,,,,False,,,False,0,,149999778030.68164,152717567891.542,276.7142706168291,100000,False,True,max_steps,unconditioned_descent,"{""unconditioned_descent"": 100000}",0.020408163265306076,1.0411755465057324,-0.12518223472029355,-0.9817418246862821,,,,,0.8748177652797064,0.018258175313717928,0.680942392565535,False,0,0,0,0.0,0,,{}
baseline_soft_linear_3e4,1.0,150.0,10000.0,1.0,True,True,True,True,-56.806558896857226,-3462.776521423222,-0.013502334433540864,-0.823066342493355,-3817.8857421875,False,0.6746558758239845,0.02052503083453011,False,1,1711,693.05859375,2453.6474609375,78.06700913583241,1927,True,False,success,soft_window,"{""soft_window"": 1711}",0.0,6.542913016537822e-10,-0.1339745962155613,5.995204332975845e-15,,,0.6746558758239845,0.02052503083453011,0.8660254037844387,1.000000000000006,1.0000000000000058,False,0,0,0,0.0,0,,{}
baseline_soft_linear_3e4,1.02,150.0,10000.0,1.0,False,False,False,False,,,,,,False,,,False,0,,149198751325.39844,150544096287.76855,404.36645734775647,100000,False,True,max_steps,unconditioned_descent,"{""unconditioned_descent"": 100000}",0.01960784313725499,0.9606361979700722,-0.14250707428745557,-0.9976396603491355,,,,,0.8574929257125444,0.0023603396508644586,0.6609373932356164,False,0,0,0,0.0,0,,{}
baseline_soft_linear_3e4,1.05,150.0,10000.0,1.0,False,False,False,False,,,,,,False,,,False,0,,375000136036.57227,378620323407.8428,432.52942857508054,100000,False,True,max_steps,unconditioned_descent,"{""unconditioned_descent"": 100000}",0.04761904761904765,0.9036729146570972,-0.15484574527148331,-0.9886120022056073,,,,,0.8451542547285167,0.011387997794392684,0.6466899247259618,False,0,0,0,0.0,0,,{}
baseline_soft_linear_3e4,0.98,165.0,10000.0,1.0,False,False,False,False,,,,,,False,,,False,0,,149999885100.2578,151200471057.4287,98.49538074975737,100000,False,True,max_steps,unconditioned_descent,"{""unconditioned_descent"": 100000}",0.020408163265306076,1.0406937225256263,-0.024267568725401145,-0.9788539069733644,,,,,0.9757324312745989,0.021146093026635632,0.6809424066525582,False,0,0,0,0.0,0,,{}
baseline_soft_linear_3e4,1.0,165.0,10000.0,1.0,True,True,True,True,-44.60852682385054,-3025.2685757801814,-0.010602987744017904,-0.7190752063618795,-2523.248046875,False,0.5879837507187582,0.01630347108872191,False,1,41,1109.8916015625,1452.48828125,20.02351591027418,257,True,False,success,soft_window,"{""soft_window"": 41}",2.104654818683916e-16,3.8731520650728185e-10,-0.03407417371093191,5.995204332975845e-15,,,0.5879837507187582,0.01630347108872191,0.9659258262890681,1.000000000000006,1.000000000000006,False,0,0,0,0.0,0,,{}
baseline_soft_linear_3e4,1.02,165.0,10000.0,1.0,False,False,False,False,,,,,,False,,,False,0,,149785381703.07617,151656909491.87305,422.0336496820377,100000,False,True,max_steps,unconditioned_descent,"{""unconditioned_descent"": 100000}",0.019607843137254777,0.9603450572017151,-0.04359091640216495,-0.9969946300620139,,,,,0.956409083597835,0.0030053699379860386,0.6609374062394391,False,0,0,0,0.0,0,,{}
baseline_soft_linear_3e4,1.05,165.0,10000.0,1.0,False,False,False,False,,,,,,False,,,False,0,,375000070417.7031,377230357181.69336,295.67407237481086,100000,False,True,max_steps,unconditioned_descent,"{""unconditioned_descent"": 100000}",0.04761904761904765,0.9040402355228755,-0.057352915661626036,-0.9878120631528458,,,,,0.942647084338374,0.012187936847154232,0.646689936997324,False,0,0,0,0.0,0,,{}
baseline_soft_linear_3e4,0.98,170.0,10000.0,1.0,False,False,False,False,,,,,,False,,,False,0,,149999922910.91016,150679843258.92676,38.23173254753143,100000,False,True,max_steps,unconditioned_descent,"{""unconditioned_descent"": 100000}",0.020408163265306496,1.0405272805422932,-0.005193942399973062,-0.9781703975483116,,,,,0.9948060576000269,0.021829602451688423,0.6809424116272625,False,0,0,0,0.0,0,,{}
baseline_soft_linear_3e4,1.0,170.0,10000.0,1.0,True,True,True,True,-14.98621570953258,-4062.7001351939803,-0.0035620692457484443,-0.9656620114621247,-1402.0849609375,False,0.7768040924515426,0.02687945836559521,False,1,26,96.537109375,1044.1005859375,8.944379745003824,243,True,False,success,soft_window,"{""soft_window"": 26}",2.104654818683916e-16,2.7841236850026503e-10,-0.01519224698779198,5.773159728050814e-15,,,0.7768040924515426,0.02687945836559521,0.984807753012208,1.0000000000000058,1.0000000000000058,False,0,0,0,0.0,0,,{}
baseline_soft_linear_3e4,1.02,170.0,10000.0,1.0,False,False,False,False,,,,,,False,,,False,0,,149903420693.5078,152042149718.04883,435.350399634015,100000,False,True,max_steps,unconditioned_descent,"{""unconditioned_descent"": 100000}",0.01960784313725499,0.9602439145955881,-0.024895023050582443,-0.9968140561848233,,,,,0.9751049769494176,0.0031859438151766975,0.660937410831621,False,0,0,0,0.0,0,,{}
baseline_soft_linear_3e4,1.05,170.0,10000.0,1.0,False,False,False,False,,,,,,False,,,False,0,,375000047244.99414,376723920502.0879,245.09233299130722,100000,False,True,max_steps,unconditioned_descent,"{""unconditioned_descent"": 100000}",0.047619047619047436,0.904173429199429,-0.038926041995105076,-0.9877684143080272,,,,,0.9610739580048949,0.012231585691972835,0.6466899413308445,False,0,0,0,0.0,0,,{}
baseline_soft_linear_3e4,0.98,175.0,10000.0,1.0,False,False,False,False,,,,,,False,,,False,0,,149999961308.2578,150158652999.47363,21.693906402381284,100000,False,True,max_steps,unconditioned_descent,"{""unconditioned_descent"": 100000}",0.020408163265306287,1.0403600897449736,0.006308609146797872,-0.9776460308871338,,,,,1.0063086091467979,0.022353969112866197,0.6809424166791579,False,0,0,0,0.0,0,,{}
baseline_soft_linear_3e4,1.0,175.0,10000.0,1.0,True,True,True,True,-79.19029577566481,-3603.0741488999756,-0.01882271833073839,-0.8564136446924371,-4727.6806640625,False,0.7077181783811932,0.021957297513013917,False,1,7,2218.6337890625,2824.8642578125,3.50178163891905,224,True,False,success,soft_window,"{""soft_window"": 7}",2.104654818683916e-16,7.532826887231708e-10,-0.003805301908254566,5.773159728050814e-15,,,0.7077181783811932,0.021957297513013917,0.9961946980917454,1.0000000000000058,1.0000000000000058,False,0,0,0,0.0,0,,{}
baseline_soft_linear_3e4,1.02,175.0,10000.0,1.0,False,False,False,False,,,,,,False,,,False,0,,149975691666.3994,152426639843.34473,450.8625781484721,100000,False,True,max_steps,unconditioned_descent,"{""unconditioned_descent"": 100000}",0.019607843137254777,0.9601427857149094,-0.013620267358068205,-0.9966583439091299,,,,,0.9863797326419318,0.003341656090870114,0.6609374154950584,False,0,0,0,0.0,0,,{}
baseline_soft_linear_3e4,1.05,175.0,10000.0,1.0,False,False,False,False,,,,,,False,,,False,0,,375000023712.72363,376200512372.5088,192.34946452680813,100000,False,True,max_steps,unconditioned_descent,"{""unconditioned_descent"": 100000}",0.04761904761904765,0.9043107315844968,-0.02781352146132343,-0.9878327521071044,,,,,0.9721864785386766,0.012167247892895574,0.6466899457316065,False,0,0,0,0.0,0,,{}
baseline_soft_linear_3e4,0.98,150.0,12000.0,1.0,False,False,False,False,,,,,,False,,,False,0,,149555731584.85742,149555731584.85742,417.52366748323516,100000,False,True,max_steps,unconditioned_descent,"{""unconditioned_descent"": 100000}",0.020408163265306076,1.0090333629213488,-0.12518223472029355,-0.8461621706431245,,,,,0.8748177652797064,0.15383782935687554,0.6151003680090517,False,0,0,0,0.0,0,,{}
baseline_soft_linear_3e4,1.0,150.0,12000.0,1.0,True,True,True,True,-39.80874820360246,-4852.3106761866475,-0.009462129762191896,-1.1533443108967762,-1244.0107421875,False,0.9340300045979194,0.03135376273812549,False,4,55,51.9462890625,217.6943359375,21.73237089833826,270,True,False,success,soft_window,"{""soft_window"": 55}",0.0,5.8064900861706823e-11,-0.1339745962155613,5.10702591327572e-15,,,0.9340300045979194,0.03135376273812549,0.8660254037844387,1.000000000000005,1.0000000000000049,False,0,0,0,0.0,0,,{}
baseline_soft_linear_3e4,1.02,150.0,12000.0,1.0,False,False,False,False,,,,,,False,,,False,0,,150000125183.22852,150024760502.80078,415.61731552270584,100000,False,True,max_steps,unconditioned_descent,"{""unconditioned_descent"": 100000}",0.01960784313725499,0.9216906343845764,-0.14250707428745557,-0.8287966577755773,,,,,0.8574929257125444,0.17120334222442266,0.5950953686791332,False,0,0,0,0.0,0,,{}
baseline_soft_linear_3e4,1.05,150.0,12000.0,1.0,False,False,False,False,,,,,,False,,,False,0,,374726998120.56445,374727036567.166,414.4369643322249,100000,False,True,max_steps,unconditioned_descent,"{""unconditioned_descent"": 100000}",0.04761904761904765,0.8599698975241604,-0.15484574527148331,-0.816415861349129,,,,,0.8451542547285167,0.18358413865087095,0.5808479001694785,False,0,0,0,0.0,0,,{}
baseline_soft_linear_3e4,0.98,165.0,12000.0,1.0,False,False,False,False,,,,,,False,,,False,0,,149761475838.2578,149761475838.2578,217.67228592638764,100000,False,True,max_steps,unconditioned_descent,"{""unconditioned_descent"": 100000}",0.020408163265306076,1.009589035548744,-0.024267568725401145,-0.8296418556332603,,,,,0.9757324312745989,0.1703581443667397,0.6151003820960751,False,0,0,0,0.0,0,,{}
baseline_soft_linear_3e4,1.0,165.0,12000.0,1.0,True,True,True,True,-49.89490215814327,-3804.1918098357014,-0.011859504757034702,-0.904217242924399,-3756.763671875,False,0.7376052005488627,0.020534347013872814,False,1,47,861.8408203125,1917.5859375,12.276941494087875,260,True,False,success,soft_window,"{""soft_window"": 47}",2.104654818683916e-16,5.113431463687706e-10,-0.03407417371093191,4.884981308350689e-15,,,0.7376052005488627,0.020534347013872814,0.9659258262890681,1.0000000000000049,1.0000000000000049,False,0,0,0,0.0,0,,{}
baseline_soft_linear_3e4,1.02,165.0,12000.0,1.0,False,False,False,False,,,,,,False,,,False,0,,150000064799.59863,150019903121.16992,215.2844167433694,100000,False,True,max_steps,unconditioned_descent,"{""unconditioned_descent"": 100000}",0.019607843137254777,0.9222042531443442,-0.04359091640216495,-0.8103000766065193,,,,,0.956409083597835,0.18969992339348077,0.5950953816829558,False,0,0,0,0.0,0,,{}
baseline_soft_linear_3e4,1.05,165.0,12000.0,1.0,False,False,False,False,,,,,,False,,,False,0,,374865589284.35547,374865609250.27637,213.80999930514116,100000,False,True,max_steps,unconditioned_descent,"{""unconditioned_descent"": 100000}",0.04761904761904765,0.8604549772793049,-0.057352915661626036,-0.796517044517119,,,,,0.942647084338374,0.20348295548288095,0.5808479124408409,False,0,0,0,0.0,0,,{}
baseline_soft_linear_3e4,0.98,170.0,12000.0,1.0,False,False,False,False,,,,,,False,,,False,0,,149837578438.94922,149837578438.94922,147.0267319398061,100000,False,True,max_steps,unconditioned_descent,"{""unconditioned_descent"": 100000}",0.020408163265306496,1.0097853778321344,-0.005193942399973062,-0.826751467391466,,,,,0.9948060576000269,0.17324853260853407,0.6151003870707793,False,0,0,0,0.0,0,,{}
baseline_soft_linear_3e4,1.0,170.0,12000.0,1.0,True,True,True,True,-59.11783526958399,-2644.140708489538,-0.014051701041181388,-0.628485034627588,-4974.4609375,False,0.5196500696147496,0.011302579212861713,False,1,19,567.279296875,2772.2412109375,6.334229874531584,231,True,False,success,soft_window,"{""soft_window"": 19}",2.104654818683916e-16,7.392509550470052e-10,-0.01519224698779198,5.10702591327572e-15,,,0.5196500696147496,0.011302579212861713,0.984807753012208,1.000000000000005,1.0000000000000049,False,0,0,0,0.0,0,,{}
baseline_soft_linear_3e4,1.02,170.0,12000.0,1.0,False,False,False,False,,,,,,False,,,False,0,,150000043475.667,150015036432.5996,144.53846555689043,100000,False,True,max_steps,unconditioned_descent,"{""unconditioned_descent"": 100000}",0.01960784313725499,0.9223856367917704,-0.024895023050582443,-0.8070407520685968,,,,,0.9751049769494176,0.19295924793140315,0.5950953862751378,False,0,0,0,0.0,0,,{}
baseline_soft_linear_3e4,1.05,170.0,12000.0,1.0,False,False,False,False,,,,,,False,,,False,0,,374911539824.58594,374911553208.7783,143.00356261341577,100000,False,True,max_steps,unconditioned_descent,"{""unconditioned_descent"": 100000}",0.047619047619047436,0.8606262240938488,-0.038926041995105076,-0.7929972588185307,,,,,0.9610739580048949,0.20700274118146933,0.5808479167743612,False,0,0,0,0.0,0,,{}
baseline_soft_linear_3e4,0.98,175.0,12000.0,1.0,False,False,False,False,,,,,,False,,,False,0,,149916705985.81152,149916705985.81152,75.24537240784004,100000,False,True,max_steps,unconditioned_descent,"{""unconditioned_descent"": 100000}",0.020408163265306287,1.0099848286895707,0.006308609146797872,-0.8251992211726191,,,,,1.0063086091467979,0.17480077882738088,0.6151003921226748,False,0,0,0,0.0,0,,{}
baseline_soft_linear_3e4,1.0,175.0,12000.0,1.0,True,True,True,True,-49.59440466036998,-3805.3841505526866,-0.011788079594339244,-0.9045006500420295,-4449.8916015625,False,0.7377462161401496,0.02054370229463622,False,1,25,509.548828125,2621.802734375,2.228509408401243,238,True,False,success,soft_window,"{""soft_window"": 25}",2.104654818683916e-16,6.99134129548071e-10,-0.003805301908254566,4.884981308350689e-15,,,0.7377462161401496,0.02054370229463622,0.9961946980917454,1.0000000000000049,1.0000000000000049,False,0,0,0,0.0,0,,{}
baseline_soft_linear_3e4,1.02,175.0,12000.0,1.0,False,False,False,False,,,,,,False,,,False,0,,150000021820.85938,150008410722.51758,72.69278992503675,100000,False,True,max_steps,unconditioned_descent,"{""unconditioned_descent"": 100000}",0.019607843137254777,0.9225698387725687,-0.013620267358068205,-0.8052697139551094,,,,,0.9863797326419318,0.1947302860448906,0.5950953909385752,False,0,0,0,0.0,0,,{}
baseline_soft_linear_3e4,1.05,175.0,12000.0,1.0,False,False,False,False,,,,,,False,,,False,0,,374956606897.5137,374956613568.1035,71.11978586582853,100000,False,True,max_steps,unconditioned_descent,"{""unconditioned_descent"": 100000}",0.04761904761904765,0.860800100431001,-0.02781352146132343,-0.7910728547094577,,,,,0.9721864785386766,0.20892714529054235,0.5808479211751234,False,0,0,0,0.0,0,,{}
phase20_predictive_planner,0.98,150.0,8000.0,1.0,False,False,False,False,,,,,,False,,,False,0,,84468724217.98242,84468724217.98242,6551.05755757195,100000,False,True,max_steps,coast,"{""coast"": 99960, ""predictive_descent"": 40}",0.020408163265306076,2.153561336230181,-0.12518223472029355,-0.13291396894614815,,,,,0.8748177652797064,0.8670860310538518,1.7872808345631124,False,0,0,99960,0.0,0,,{}
phase20_predictive_planner,1.0,150.0,8000.0,1.0,True,True,True,True,-38.530447607905636,-3195.2769906896274,-0.009158290866034995,-0.7594844569695679,-2413.50390625,False,0.6185775149366969,0.021872411989640565,False,1,128,1076.5029296875,2220.5693359375,28.016402607368157,349,True,False,success,phase76_handoff,"{""phase76_handoff"": 128}",0.0,5.921338994971445e-10,-0.1339745962155613,7.549516567451064e-15,,,0.6185775149366969,0.021872411989640565,0.8660254037844387,1.0000000000000075,1.0000000000000073,False,0,0,0,0.0,0,,{}
phase20_predictive_planner,1.02,150.0,8000.0,1.0,False,False,False,False,,,,,,False,,,False,0,,82108653858.16895,82108653858.16895,6803.3750686506155,100000,False,True,max_steps,coast,"{""coast"": 99880, ""predictive_descent"": 120}",0.01960784313725499,1.6517583238054399,-0.14250707428745557,-0.8788575926381252,,,,,0.8574929257125444,0.1211424073618747,1.8257690931976658,False,0,0,99880,0.0,0,,{}
phase20_predictive_planner,1.05,150.0,8000.0,1.0,False,False,False,False,,,,,,False,,,False,0,,306815014006.5283,306815014006.5283,6832.157363386223,100000,False,True,max_steps,coast,"{""coast"": 99880, ""predictive_descent"": 120}",0.04761904761904765,1.7279858954899665,-0.15484574527148331,-0.8913306026987632,,,,,0.8451542547285167,0.1086693973012368,1.8263186131125941,False,0,0,99880,0.0,0,,{}
phase20_predictive_planner,0.98,165.0,8000.0,1.0,False,False,False,False,,,,,,False,,,False,0,,72660148719.83887,72660148719.83887,7724.851567285684,100000,False,True,max_steps,coast,"{""coast"": 99920, ""predictive_descent"": 80}",0.020408163265306076,2.3685560288769216,-0.024267568725401145,-0.8684343635167313,,,,,0.9757324312745989,0.1315656364832687,1.8464455605206895,False,0,0,99920,0.0,0,,{}
phase20_predictive_planner,1.0,165.0,8000.0,1.0,True,True,True,True,-75.5921283924204,-3183.1688515097776,-0.017967470973745035,-0.756606476895629,-6026.451171875,False,0.6268461474885241,0.02180655982767169,False,1,79,581.3896484375,5645.37109375,18.30163168160577,300,True,False,success,phase76_handoff,"{""phase76_handoff"": 79}",2.104654818683916e-16,1.5054145521914852e-09,-0.03407417371093191,7.549516567451064e-15,,,0.6268461474885241,0.02180655982767169,0.9659258262890681,1.0000000000000075,1.0000000000000073,False,0,0,0,0.0,0,,{}
phase20_predictive_planner,1.02,165.0,8000.0,1.0,False,False,False,False,,,,,,False,,,False,0,,72083243341.39258,72083243341.39258,7807.331285071104,100000,False,True,max_steps,coast,"{""coast"": 99880, ""predictive_descent"": 120}",0.019607843137254777,2.512174155613607,-0.04359091640216495,-0.7787658824745693,,,,,0.956409083597835,0.22123411752543062,1.8689930297163235,False,0,0,99880,0.0,0,,{}
phase20_predictive_planner,1.05,165.0,8000.0,1.0,False,False,False,False,,,,,,False,,,False,0,,296933726237.5176,296933726237.5176,7821.743484109974,100000,False,True,max_steps,coast,"{""coast"": 99880, ""predictive_descent"": 120}",0.04761904761904765,2.576020825782158,-0.057352915661626036,-0.7927265448875732,,,,,0.942647084338374,0.20727345511242676,1.870789681075356,False,0,0,99880,0.0,0,,{}
phase20_predictive_planner,0.98,170.0,8000.0,1.0,False,False,False,False,,,,,,False,,,False,0,,76241175967.17676,76241175967.17676,7370.388115220575,100000,False,True,max_steps,coast,"{""coast"": 99880, ""predictive_descent"": 120}",0.020408163265306496,2.384088968803458,-0.005193942399973062,-0.42040430261383066,,,,,0.9948060576000269,0.5795956973861693,1.8506449546822594,False,0,0,99880,0.0,0,,{}
phase20_predictive_planner,1.0,170.0,8000.0,1.0,True,True,True,True,-69.01423483018289,-4727.470714164705,-0.01640397336941329,-1.1236711366960404,-2623.1083984375,False,0.9186216777498761,0.04348345057112868,False,1,42,1709.513671875,2275.509765625,11.434367729151932,266,True,False,success,phase76_handoff,"{""phase76_handoff"": 42}",2.104654818683916e-16,6.067846121554851e-10,-0.01519224698779198,7.327471962526033e-15,,,0.9186216777498761,0.04348345057112868,0.984807753012208,1.0000000000000073,1.0000000000000073,False,0,0,0,0.0,0,,{}
phase20_predictive_planner,1.02,170.0,8000.0,1.0,False,False,False,False,,,,,,False,,,False,0,,90669001859.67188,90669001859.67188,5947.008479442561,100000,False,True,max_steps,predictive_descent,"{""predictive_descent"": 100000}",0.01960784313725499,1.1638800771172697,-0.024895023050582443,-0.6238322271498392,,,,,0.9751049769494176,0.3761677728501608,1.7749994396937632,False,0,0,0,0.0,0,,{}
phase20_predictive_planner,1.05,170.0,8000.0,1.0,False,False,False,False,,,,,,False,,,False,0,,315583079010.0654,315583079010.0654,5953.857025871133,100000,False,True,max_steps,coast,"{""coast"": 99800, ""predictive_descent"": 200}",0.047619047619047436,1.1936766694980965,-0.038926041995105076,-0.6685063201002401,,,,,0.9610739580048949,0.33149367989975986,1.7684664604367275,False,0,0,99800,0.0,0,,{}
phase20_predictive_planner,0.98,175.0,8000.0,1.0,False,False,False,False,,,,,,False,,,False,0,,79861176468.02734,79861176468.02734,7013.651143405971,100000,False,True,max_steps,coast,"{""coast"": 99880, ""predictive_descent"": 120}",0.020408163265306287,2.553964103785982,0.006308609146797872,-0.10755412948896836,,,,,1.0063086091467979,0.8924458705110316,1.8959860515491949,False,0,0,99880,0.0,0,,{}
phase20_predictive_planner,1.0,175.0,8000.0,1.0,True,True,True,True,-31.058008674702325,-3664.12991433049,-0.0073821690331051645,-0.8709259717889519,-762.443359375,False,0.7055993803725469,0.02761116937756757,False,1,8,596.3916015625,607.4658203125,3.3645032623345292,230,True,False,success,phase76_handoff,"{""phase76_handoff"": 8}",2.104654818683916e-16,1.6197255112205923e-10,-0.003805301908254566,7.549516567451064e-15,,,0.7055993803725469,0.02761116937756757,0.9961946980917454,1.0000000000000075,1.0000000000000075,False,0,0,0,0.0,0,,{}
phase20_predictive_planner,1.02,175.0,8000.0,1.0,False,False,False,False,,,,,,False,,,False,0,,87065890060.35059,87065890060.35059,6307.331404718206,100000,False,True,max_steps,predictive_descent,"{""predictive_descent"": 100000}",0.019607843137254777,1.4040115599188268,-0.013620267358068205,-0.6351887389238673,,,,,0.9863797326419318,0.36481126107613276,1.8503131721233128,False,0,0,0,0.0,0,,{}
phase20_predictive_planner,1.05,175.0,8000.0,1.0,False,False,False,False,,,,,,False,,,False,0,,312027784650.41113,312027784650.41113,6310.285141544167,100000,False,True,max_steps,predictive_descent,"{""coast"": 39920, ""predictive_descent"": 60080}",0.04761904761904765,1.4727669350815682,-0.02781352146132343,-0.6220702984553662,,,,,0.9721864785386766,0.3779297015446338,1.8429814424934339,False,0,0,39920,0.0,0,,{}
phase20_predictive_planner,0.98,150.0,10000.0,1.0,False,False,False,False,,,,,,False,,,False,0,,73503600577.52051,73503600577.52051,7641.444867204002,100000,False,True,max_steps,coast,"{""coast"": 99880, ""predictive_descent"": 120}",0.020408163265306076,2.28076684530052,-0.12518223472029355,-0.9535160101879386,,,,,0.8748177652797064,0.0464839898120614,1.8225166083328077,False,0,0,99880,0.0,0,,{}
phase20_predictive_planner,1.0,150.0,10000.0,1.0,True,True,True,True,-56.806558896857226,-3462.776521423222,-0.013502334433540864,-0.823066342493355,-3817.8857421875,False,0.6746558758239845,0.02052503083453011,False,1,1711,693.05859375,2453.6474609375,78.06700913583241,1927,True,False,success,phase76_handoff,"{""phase76_handoff"": 1711}",0.0,6.542913016537822e-10,-0.1339745962155613,5.995204332975845e-15,,,0.6746558758239845,0.02052503083453011,0.8660254037844387,1.000000000000006,1.0000000000000058,False,0,0,0,0.0,0,,{}
phase20_predictive_planner,1.02,150.0,10000.0,1.0,False,False,False,False,,,,,,False,,,False,0,,87655012837.91504,87655012837.91504,6248.7963092026885,100000,False,True,max_steps,coast,"{""coast"": 99840, ""predictive_descent"": 160}",0.01960784313725499,1.26857778710544,-0.14250707428745557,-0.802410002583988,,,,,0.8574929257125444,0.19758999741601208,1.8548228584815822,False,0,0,99840,0.0,0,,{}
phase20_predictive_planner,1.05,150.0,10000.0,1.0,False,False,False,False,,,,,,False,,,False,0,,312362174514.38184,312362174514.38184,6277.422441779943,100000,False,True,max_steps,coast,"{""coast"": 99840, ""predictive_descent"": 160}",0.04761904761904765,1.350728068785586,-0.15484574527148331,-0.7900113678415267,,,,,0.8451542547285167,0.2099886321584733,1.8679514733463263,False,0,0,99840,0.0,0,,{}
phase20_predictive_planner,0.98,165.0,10000.0,1.0,False,False,False,False,,,,,,False,,,False,0,,83618167850.35059,83618167850.35059,6638.428136086643,100000,False,True,max_steps,coast,"{""coast"": 99960, ""predictive_descent"": 40}",0.020408163265306076,2.4022249608839545,-0.024267568725401145,-0.03300239483945577,,,,,0.9757324312745989,0.9669976051605442,1.8555422156152144,False,0,0,99960,0.0,0,,{}
phase20_predictive_planner,1.0,165.0,10000.0,1.0,True,True,True,True,-44.60852682385054,-3025.2685757801814,-0.010602987744017904,-0.7190752063618795,-2523.248046875,False,0.5879837507187582,0.01630347108872191,False,1,41,1109.8916015625,1452.48828125,20.02351591027418,257,True,False,success,phase76_handoff,"{""phase76_handoff"": 41}",2.104654818683916e-16,3.8731520650728185e-10,-0.03407417371093191,5.995204332975845e-15,,,0.5879837507187582,0.01630347108872191,0.9659258262890681,1.000000000000006,1.000000000000006,False,0,0,0,0.0,0,,{}
phase20_predictive_planner,1.02,165.0,10000.0,1.0,False,False,False,False,,,,,,False,,,False,0,,149624832579.19238,149624832579.19238,4345.678956589375,865,True,False,radial_stall,coast,"{""coast"": 785, ""predictive_descent"": 80}",0.019607843137254777,0.16522473679460892,-0.04359091640216495,-0.9653743162097976,,,,,0.956409083597835,0.03462568379020242,1.4281227921411994,False,0,0,785,0.0,0,,{}
phase20_predictive_planner,1.05,165.0,10000.0,1.0,False,False,False,False,,,,,,False,,,False,0,,374623491045.89844,374623491045.89844,4360.936919001045,865,True,False,radial_stall,coast,"{""coast"": 785, ""predictive_descent"": 80}",0.04761904761904765,0.22831898996820993,-0.057352915661626036,-0.9791371161347,,,,,0.942647084338374,0.020862883865299987,1.4217014470682159,False,0,0,785,0.0,0,,{}
phase20_predictive_planner,0.98,170.0,10000.0,1.0,False,False,False,False,,,,,,False,,,False,0,,87233323841.75,87233323841.75,6277.3382664235505,100000,False,True,max_steps,coast,"{""coast"": 99960, ""predictive_descent"": 40}",0.020408163265306496,2.1756347206130084,-0.005193942399973062,-0.01361870476142013,,,,,0.9948060576000269,0.9863812952385799,1.7934455875462758,False,0,0,99960,0.0,0,,{}
phase20_predictive_planner,1.0,170.0,10000.0,1.0,True,True,True,True,-14.98621570953258,-4062.7001351939803,-0.0035620692457484443,-0.9656620114621247,-1402.0849609375,False,0.7768040924515426,0.02687945836559521,False,1,26,96.537109375,1044.1005859375,8.944379745003824,243,True,False,success,phase76_handoff,"{""phase76_handoff"": 26}",2.104654818683916e-16,2.7841236850026503e-10,-0.01519224698779198,5.773159728050814e-15,,,0.7768040924515426,0.02687945836559521,0.984807753012208,1.0000000000000058,1.0000000000000058,False,0,0,0,0.0,0,,{}
phase20_predictive_planner,1.02,170.0,10000.0,1.0,False,False,False,False,,,,,,False,,,False,0,,101729350874.55957,101729350874.55957,4838.9773927922815,100000,False,True,max_steps,coast,"{""coast"": 99920, ""predictive_descent"": 80}",0.01960784313725499,0.35285986933378966,-0.024895023050582443,-0.9463412608796616,,,,,0.9751049769494176,0.05365873912033832,1.503874307863091,False,0,0,99920,0.0,0,,{}
phase20_predictive_planner,1.05,170.0,10000.0,1.0,False,False,False,False,,,,,,False,,,False,0,,326631529290.91895,326631529290.91895,4848.160341868105,100000,False,True,max_steps,coast,"{""coast"": 99920, ""predictive_descent"": 80}",0.047619047619047436,0.41325421172849236,-0.038926041995105076,-0.9604681667300482,,,,,0.9610739580048949,0.039531833269951834,1.4967104971748728,False,0,0,99920,0.0,0,,{}
phase20_predictive_planner,0.98,175.0,10000.0,1.0,False,False,False,False,,,,,,False,,,False,0,,90906380198.01855,90906380198.01855,5910.295175908834,100000,False,True,max_steps,coast,"{""coast"": 99960, ""predictive_descent"": 40}",0.020408163265306287,1.9455285563660243,0.006308609146797872,-0.0017189179529928378,,,,,1.0063086091467979,0.9982810820470072,1.7281033879145407,False,0,0,99960,0.0,0,,{}
phase20_predictive_planner,1.0,175.0,10000.0,1.0,True,True,True,True,-79.19029577566481,-3603.0741488999756,-0.01882271833073839,-0.8564136446924371,-4727.6806640625,False,0.7077181783811932,0.021957297513013917,False,1,7,2218.6337890625,2824.8642578125,3.50178163891905,224,True,False,success,phase76_handoff,"{""phase76_handoff"": 7}",2.104654818683916e-16,7.532826887231708e-10,-0.003805301908254566,5.773159728050814e-15,,,0.7077181783811932,0.021957297513013917,0.9961946980917454,1.0000000000000058,1.0000000000000058,False,0,0,0,0.0,0,,{}
phase20_predictive_planner,1.02,175.0,10000.0,1.0,False,False,False,False,,,,,,False,,,False,0,,98126444131.70605,98126444131.70605,5199.259923677327,100000,False,True,max_steps,coast,"{""coast"": 99920, ""predictive_descent"": 80}",0.019607843137254777,0.557622752993611,-0.013620267358068205,-0.9349638115567733,,,,,0.9863797326419318,0.06503618844322666,1.5770819442013588,False,0,0,99920,0.0,0,,{}
phase20_predictive_planner,1.05,175.0,10000.0,1.0,False,False,False,False,,,,,,False,,,False,0,,323080428582.16797,323080428582.16797,5203.265663194206,100000,False,True,max_steps,coast,"{""coast"": 99920, ""predictive_descent"": 80}",0.04761904761904765,0.6150707289801124,-0.02781352146132343,-0.9492636876200098,,,,,0.9721864785386766,0.050736312379990205,1.5692183820657692,False,0,0,99920,0.0,0,,{}
phase20_predictive_planner,0.98,150.0,12000.0,1.0,False,False,False,False,,,,,,False,,,False,0,,95577037244.05957,95577037244.05957,5437.1769959579515,100000,False,True,max_steps,coast,"{""coast"": 99920, ""predictive_descent"": 80}",0.020408163265306076,1.1504708895746707,-0.12518223472029355,-0.28846914076557484,,,,,0.8748177652797064,0.7115308592344252,1.4802962248564964,False,0,0,99920,0.0,0,,{}
phase20_predictive_planner,1.0,150.0,12000.0,1.0,True,True,True,True,-39.80874820360246,-4852.3106761866475,-0.009462129762191896,-1.1533443108967762,-1244.0107421875,False,0.9340300045979194,0.03135376273812549,False,4,55,51.9462890625,217.6943359375,21.73237089833826,270,True,False,success,phase76_handoff,"{""phase76_handoff"": 55}",0.0,5.8064900861706823e-11,-0.1339745962155613,5.10702591327572e-15,,,0.9340300045979194,0.03135376273812549,0.8660254037844387,1.000000000000005,1.0000000000000049,False,0,0,0,0.0,0,,{}
phase20_predictive_planner,1.02,150.0,12000.0,1.0,False,False,False,False,,,,,,False,,,False,0,,149620337131.72852,149620337131.72852,4442.661934961422,860,True,False,radial_stall,coast,"{""coast"": 780, ""predictive_descent"": 80}",0.01960784313725499,0.2785604112244225,-0.14250707428745557,-0.7513380934810396,,,,,0.8574929257125444,0.2486619065189604,1.3830460481120777,False,0,0,780,0.0,0,,{}
phase20_predictive_planner,1.05,150.0,12000.0,1.0,False,False,False,False,,,,,,False,,,False,0,,328960131292.9336,328960131292.9336,4614.793348465388,100000,False,True,max_steps,coast,"{""coast"": 99920, ""predictive_descent"": 80}",0.04761904761904765,0.35638230980287666,-0.15484574527148331,-0.7374768709615155,,,,,0.8451542547285167,0.2625231290384845,1.3810571699195355,False,0,0,99920,0.0,0,,{}
phase20_predictive_planner,0.98,165.0,12000.0,1.0,False,False,False,False,,,,,,False,,,False,0,,72677942589.08496,72677942589.08496,7724.837487893811,100000,False,True,max_steps,coast,"{""coast"": 99880, ""predictive_descent"": 120}",0.020408163265306076,2.3678835879240063,-0.024267568725401145,-0.8709475090760015,,,,,0.9757324312745989,0.12905249092399856,1.8462624635077896,False,0,0,99880,0.0,0,,{}
phase20_predictive_planner,1.0,165.0,12000.0,1.0,True,True,True,True,-49.89490215814327,-3804.1918098357014,-0.011859504757034702,-0.904217242924399,-3756.763671875,False,0.7376052005488627,0.020534347013872814,False,1,47,861.8408203125,1917.5859375,12.276941494087875,260,True,False,success,phase76_handoff,"{""phase76_handoff"": 47}",2.104654818683916e-16,5.113431463687706e-10,-0.03407417371093191,4.884981308350689e-15,,,0.7376052005488627,0.020534347013872814,0.9659258262890681,1.0000000000000049,1.0000000000000049,False,0,0,0,0.0,0,,{}
phase20_predictive_planner,1.02,165.0,12000.0,1.0,False,False,False,False,,,,,,False,,,False,0,,94201346339.39062,94201346339.39062,5591.789594267276,100000,False,True,max_steps,coast,"{""coast"": 99920, ""predictive_descent"": 80}",0.019607843137254777,0.8144499194979767,-0.04359091640216495,-0.8491674566543964,,,,,0.956409083597835,0.15083254334560356,1.6332605340252782,False,0,0,99920,0.0,0,,{}
phase20_predictive_planner,1.05,165.0,12000.0,1.0,False,False,False,False,,,,,,False,,,False,0,,319053047028.8779,319053047028.8779,5605.964842304953,100000,False,True,max_steps,coast,"{""coast"": 99920, ""predictive_descent"": 80}",0.04761904761904765,0.8845608346846637,-0.057352915661626036,-0.8353356451834139,,,,,0.942647084338374,0.16466435481658614,1.6282452369472966,False,0,0,99920,0.0,0,,{}
phase20_predictive_planner,0.98,170.0,12000.0,1.0,False,False,False,False,,,,,,False,,,False,0,,76298194216.76562,76298194216.76562,7362.753470091987,100000,False,True,max_steps,coast,"{""coast"": 99880, ""predictive_descent"": 120}",0.020408163265306496,2.0537781927310266,-0.005193942399973062,-0.8897686373401127,,,,,0.9948060576000269,0.11023136265988735,1.7591420905655575,False,0,0,99880,0.0,0,,{}
phase20_predictive_planner,1.0,170.0,12000.0,1.0,True,True,True,True,-59.11783526958399,-2644.140708489538,-0.014051701041181388,-0.628485034627588,-4974.4609375,False,0.5196500696147496,0.011302579212861713,False,1,19,567.279296875,2772.2412109375,6.334229874531584,231,True,False,success,phase76_handoff,"{""phase76_handoff"": 19}",2.104654818683916e-16,7.392509550470052e-10,-0.01519224698779198,5.10702591327572e-15,,,0.5196500696147496,0.011302579212861713,0.984807753012208,1.000000000000005,1.0000000000000049,False,0,0,0,0.0,0,,{}
phase20_predictive_planner,1.02,170.0,12000.0,1.0,False,False,False,False,,,,,,False,,,False,0,,90652729375.9082,90652729375.9082,5946.716243031799,100000,False,True,max_steps,coast,"{""coast"": 99920, ""predictive_descent"": 80}",0.01960784313725499,1.0396120557289614,-0.024895023050582443,-0.8679393480823683,,,,,0.9751049769494176,0.13206065191763178,1.712910905025318,False,0,0,99920,0.0,0,,{}
phase20_predictive_planner,1.05,170.0,12000.0,1.0,False,False,False,False,,,,,,False,,,False,0,,315555454265.1885,315555454265.1885,5955.791440419789,100000,False,True,max_steps,coast,"{""coast"": 99920, ""predictive_descent"": 80}",0.047619047619047436,1.1064830789009705,-0.038926041995105076,-0.8538293066086393,,,,,0.9610739580048949,0.14617069339136066,1.707006518231679,False,0,0,99920,0.0,0,,{}
phase20_predictive_planner,0.98,175.0,12000.0,1.0,False,False,False,False,,,,,,False,,,False,0,,79974350106.51172,79974350106.51172,6995.103310573177,100000,False,True,max_steps,coast,"{""coast"": 99880, ""predictive_descent"": 120}",0.020408163265306287,1.7522032378901389,0.006308609146797872,-0.9011078287142903,,,,,1.0063086091467979,0.09889217128570967,1.6712292375714448,False,0,0,99880,0.0,0,,{}
phase20_predictive_planner,1.0,175.0,12000.0,1.0,True,True,True,True,-49.59440466036998,-3805.3841505526866,-0.011788079594339244,-0.9045006500420295,-4449.8916015625,False,0.7377462161401496,0.02054370229463622,False,1,25,509.548828125,2621.802734375,2.228509408401243,238,True,False,success,phase76_handoff,"{""phase76_handoff"": 25}",2.104654818683916e-16,6.99134129548071e-10,-0.003805301908254566,4.884981308350689e-15,,,0.7377462161401496,0.02054370229463622,0.9961946980917454,1.0000000000000049,1.0000000000000049,False,0,0,0,0.0,0,,{}
phase20_predictive_planner,1.02,175.0,12000.0,1.0,False,False,False,False,,,,,,False,,,False,0,,87049339120.22949,87049339120.22949,6307.093388739114,100000,False,True,max_steps,coast,"{""coast"": 99920, ""predictive_descent"": 80}",0.019607843137254777,1.285327501664824,-0.013620267358068205,-0.879245262450117,,,,,0.9863797326419318,0.12075473754988295,1.7901740486682165,False,0,0,99920,0.0,0,,{}
phase20_predictive_planner,1.05,175.0,12000.0,1.0,False,False,False,False,,,,,,False,,,False,0,,312003890918.2959,312003890918.2959,6310.987263919418,100000,False,True,max_steps,coast,"{""coast"": 99920, ""predictive_descent"": 80}",0.04761904761904765,1.3486628857624927,-0.02781352146132343,-0.8649653026222262,,,,,0.9721864785386766,0.1350346973777738,1.783433768459546,False,0,0,99920,0.0,0,,{}
phase21_orbital_transfer_planner,0.98,150.0,8000.0,1.0,False,False,False,False,,,,,,False,,,False,0,,129338899966.98242,129338899966.98242,2072.72530728603,100000,False,True,max_steps,safety_guard,"{""coast_to_crossing"": 181, ""energy_shape"": 22, ""safety_guard"": 99797}",0.020408163265306076,0.8077697920117426,-0.1426785900258876,0.24312238054818197,0.8069181583324454,0.24277366758251562,,,0.8573214099741124,1.243122380548182,1.359622868454999,False,0,22,99978,0.00022,2,99797,"{""approaching_target"": 100000, ""inside_target_orbit"": 100000, ""too_high_angular_momentum"": 99989, ""too_high_energy"": 99998, ""too_low_angular_momentum"": 6}"
phase21_orbital_transfer_planner,1.0,150.0,8000.0,1.0,True,True,True,True,-38.530447607905636,-3195.2769906896274,-0.009158290866034995,-0.7594844569695679,-2413.50390625,False,0.6185775149366969,0.021872411989640565,False,1,128,1076.5029296875,2220.5693359375,28.016402607368157,349,True,False,success,phase76_handoff,"{""phase76_handoff"": 128}",0.0,5.921368460138907e-10,-0.13397459621556124,-2.960682026107455e-10,0.3663397374169004,0.36135894612570174,0.6185775149366969,0.021872411989640565,0.8660254037844387,0.9999999997039318,1.0000000000000073,False,0,0,128,0.0,0,0,"{""approaching_target"": 314, ""leaving_target"": 35, ""near_capture_window"": 216, ""too_low_angular_momentum"": 138, ""too_low_energy"": 140}"
phase21_orbital_transfer_planner,1.02,150.0,8000.0,1.0,False,False,False,False,,,,,,False,,,False,0,,150000207987.5459,152313614363.78027,0.38970870969151133,100000,False,True,max_steps,coast_to_crossing,"{""angular_momentum_shape"": 3118, ""coast_to_crossing"": 93772, ""energy_shape"": 3110}",0.01960784313725499,0.04053067624999796,-0.12535721577320472,0.02067682698843686,0.052925663769409985,0.020109164481361425,,,0.8746427842267953,1.0206768269884368,1.1139354531595709,False,0,6228,93772,0.06228,519,0,"{""leaving_target"": 100000, ""outside_target_orbit"": 100000, ""too_high_energy"": 97321, ""too_low_angular_momentum"": 5}"
phase21_orbital_transfer_planner,1.05,150.0,8000.0,1.0,False,False,False,False,,,,,,False,,,False,0,,375000204878.0625,376628624447.375,0.07595776263385319,100000,False,True,max_steps,coast_to_crossing,"{""angular_momentum_shape"": 3117, ""coast_to_crossing"": 93772, ""energy_shape"": 3111}",0.04761904761904765,0.085590028492707,-0.11258803253505753,0.044930752873529115,0.09338958743504253,0.044111738750108306,,,0.8874119674649424,1.0449307528735292,1.105797608746343,False,0,6228,93772,0.06228,519,0,"{""leaving_target"": 100000, ""outside_target_orbit"": 100000, ""too_high_angular_momentum"": 96883, ""too_high_energy"": 100000, ""too_low_angular_momentum"": 3}"
phase21_orbital_transfer_planner,0.98,165.0,8000.0,1.0,False,False,False,False,,,,,,False,,,False,0,,139220130802.43457,139220130802.43457,1086.6047897724484,100000,False,True,max_steps,safety_guard,"{""coast_to_crossing"": 181, ""energy_shape"": 20, ""safety_guard"": 99799}",0.020408163265306076,0.8028337156197802,-0.04378221735089306,0.3071550146640777,0.8020916491420212,0.30686566622959977,,,0.956217782649107,1.3071550146640776,1.3578085308549142,False,0,20,99980,0.0002,2,99799,"{""approaching_target"": 100000, ""inside_target_orbit"": 100000, ""too_high_angular_momentum"": 99995, ""too_high_energy"": 99998, ""too_low_angular_momentum"": 1}"
phase21_orbital_transfer_planner,1.0,165.0,8000.0,1.0,True,True,True,True,-75.5921283924204,-3183.1688515097776,-0.017967470973745035,-0.756606476895629,-6026.451171875,False,0.6268461474885241,0.02180655982767169,False,1,79,581.3896484375,5645.37109375,18.301631681605773,300,True,False,success,phase76_handoff,"{""phase76_handoff"": 79}",2.104654818683916e-16,1.5054174987082315e-09,-0.034074173710931875,-7.527085435822101e-10,0.26674190140223863,0.25986916092986073,0.6268461474885241,0.02180655982767169,0.9659258262890681,0.9999999992472914,1.0000000000000073,False,0,0,79,0.0,0,0,"{""approaching_target"": 272, ""leaving_target"": 28, ""near_capture_window"": 216, ""too_low_angular_momentum"": 88, ""too_low_energy"": 91}"
phase21_orbital_transfer_planner,1.02,165.0,8000.0,1.0,False,False,False,False,,,,,,False,,,False,0,,150000107662.1836,151198442370.34766,0.1913580661810673,100000,False,True,max_steps,coast_to_crossing,"{""angular_momentum_shape"": 3115, ""coast_to_crossing"": 93772, ""energy_shape"": 3113}",0.019607843137254777,0.023707986524368653,-0.024462734730208335,0.012060818042315805,0.028448525488256073,0.012630932336500809,,,0.9755372652697917,1.0120608180423158,1.04185588943354,False,0,6228,93772,0.06228,519,0,"{""leaving_target"": 100000, ""outside_target_orbit"": 100000, ""too_high_energy"": 24432}"
phase21_orbital_transfer_planner,1.05,165.0,8000.0,1.0,False,False,False,False,,,,,,False,,,False,0,,375000106052.5654,375843506418.4785,0.06219249788037064,100000,False,True,max_steps,coast_to_crossing,"{""angular_momentum_shape"": 3115, ""coast_to_crossing"": 93772, ""energy_shape"": 3113}",0.04761904761904765,0.08064519396329276,-0.010220561444707415,0.04231430704266195,0.08161905647198454,0.04149485090182219,,,0.9897794385552926,1.042314307042662,1.0240583575907158,False,0,6228,93772,0.06228,519,0,"{""leaving_target"": 100000, ""outside_target_orbit"": 100000, ""too_high_angular_momentum"": 96885, ""too_high_energy"": 100000}"
phase21_orbital_transfer_planner,0.98,170.0,8000.0,1.0,False,False,False,False,,,,,,False,,,False,0,,142731362597.1621,142731362597.1621,736.088010247504,100000,False,True,max_steps,safety_guard,"{""coast_to_crossing"": 181, ""energy_shape"": 20, ""safety_guard"": 99799}",0.020408163265306496,0.8187071256943826,-0.025090063551973553,0.32588990550289315,0.8179519099585917,0.32559959891422763,,,0.9749099364480265,1.3258899055028932,1.3636419627610479,False,0,20,99980,0.0002,2,99799,"{""approaching_target"": 100000, ""inside_target_orbit"": 100000, ""too_high_angular_momentum"": 99996, ""too_high_energy"": 99998}"
phase21_orbital_transfer_planner,1.0,170.0,8000.0,1.0,True,True,True,True,-69.01423483018289,-4727.470714164705,-0.01640397336941329,-1.1236711366960404,-2623.1083984375,False,0.9186216777498761,0.04348345057112868,False,1,42,1709.513671875,2275.509765625,11.434367729151932,266,True,False,success,phase76_handoff,"{""phase76_handoff"": 42}",2.104654818683916e-16,6.06787979603195e-10,-0.015192246987791962,-3.0339398958307167e-10,0.17816342831455345,0.17086207258353472,0.9186216777498761,0.04348345057112868,0.984807753012208,0.999999999696606,1.0000000000000073,False,0,0,42,0.0,0,0,"{""approaching_target"": 234, ""leaving_target"": 32, ""near_capture_window"": 216, ""too_low_angular_momentum"": 55, ""too_low_energy"": 58}"
phase21_orbital_transfer_planner,1.02,170.0,8000.0,1.0,False,False,False,False,,,,,,False,,,False,0,,150000072233.23828,150805162551.44043,0.22475994963156376,100000,False,True,max_steps,coast_to_crossing,"{""angular_momentum_shape"": 3115, ""coast_to_crossing"": 93772, ""energy_shape"": 3113}",0.01960784313725499,0.06116893816411713,-0.005392923511594131,0.031139783047561508,0.06168150482259418,0.030569772412753226,,,0.9946070764884059,1.0311397830475615,1.0253545328478373,False,0,6228,93772,0.06228,519,0,"{""leaving_target"": 100000, ""outside_target_orbit"": 100000, ""too_high_energy"": 99999}"
phase21_orbital_transfer_planner,1.05,170.0,8000.0,1.0,False,False,False,False,,,,,,False,,,False,0,,375000071153.30273,375565205471.80566,0.04539605699007103,100000,False,True,max_steps,coast_to_crossing,"{""angular_momentum_shape"": 3114, ""coast_to_crossing"": 93772, ""energy_shape"": 3114}",0.047619047619047436,0.01890197302253496,0.009127655905139585,0.009125797341636195,0.021546414562626064,0.009944561953245529,,,1.0091276559051396,1.009125797341636,1.0004897024192811,False,0,6228,93772,0.06228,519,0,"{""approaching_target"": 23225, ""leaving_target"": 76775, ""outside_target_orbit"": 100000, ""too_high_energy"": 9100}"
phase21_orbital_transfer_planner,0.98,175.0,8000.0,1.0,False,False,False,False,,,,,,False,,,False,0,,146299546315.74316,146299546315.74316,379.6485624839065,100000,False,True,max_steps,safety_guard,"{""coast_to_crossing"": 181, ""energy_shape"": 20, ""safety_guard"": 99799}",0.020408163265306287,0.8283045327364664,-0.013817563036137981,0.3371892583767292,0.827541364338351,0.3368985517845665,,,0.986182436963862,1.3371892583767293,1.3671572062278428,False,0,20,99980,0.0002,2,99799,"{""approaching_target"": 100000, ""inside_target_orbit"": 100000, ""too_high_angular_momentum"": 99996, ""too_high_energy"": 99998}"
phase21_orbital_transfer_planner,1.0,175.0,8000.0,1.0,True,True,True,True,-31.058008674702325,-3664.12991433049,-0.0073821690331051645,-0.8709259717889519,-762.443359375,False,0.7055993803725469,0.02761116937756757,False,1,8,596.3916015625,607.4658203125,3.3645032623345292,230,True,False,success,phase76_handoff,"{""phase76_handoff"": 8}",2.104654818683916e-16,1.61976129035251e-10,-0.0038053019082545138,-8.098791935205801e-11,0.052706400717546155,0.04215600635667234,0.7055993803725469,0.02761116937756757,0.9961946980917454,0.9999999999190121,1.0000000000000075,False,0,0,8,0.0,0,0,"{""approaching_target"": 198, ""leaving_target"": 32, ""near_capture_window"": 216, ""too_low_angular_momentum"": 18, ""too_low_energy"": 21}"
phase21_orbital_transfer_planner,1.02,175.0,8000.0,1.0,False,False,False,False,,,,,,False,,,False,0,,150000036254.5703,150403638144.19336,0.044095815097207856,100000,False,True,max_steps,coast_to_crossing,"{""angular_momentum_shape"": 3114, ""coast_to_crossing"": 93772, ""energy_shape"": 3114}",0.019607843137254777,0.012160183146788864,0.006107327294770394,0.0061066712587823325,0.013681942743768926,0.006675958317710446,,,1.0061073272947705,1.0061066712587823,1.007978625685314,False,0,6228,93772,0.06228,519,0,"{""leaving_target"": 100000, ""outside_target_orbit"": 100000, ""too_high_energy"": 3114}"
phase21_orbital_transfer_planner,1.05,175.0,8000.0,1.0,False,False,False,False,,,,,,False,,,False,0,,375000035712.5371,375283807257.5791,0.013900264153462943,100000,False,True,max_steps,coast_to_crossing,"{""angular_momentum_shape"": 3114, ""coast_to_crossing"": 93772, ""energy_shape"": 3114}",0.04761904761904765,0.04038633464086164,0.020795802465610375,0.020796433085298573,0.039632610305566855,0.02031956974168688,,,1.0207958024656103,1.0207964330852985,0.9758704807256698,False,0,6228,93772,0.06228,519,0,"{""approaching_target"": 19623, ""leaving_target"": 80377, ""outside_target_orbit"": 100000, ""too_high_energy"": 96886}"
phase21_orbital_transfer_planner,0.98,150.0,10000.0,1.0,False,False,False,False,,,,,,False,,,False,0,,129351133093.08789,129351133093.08789,2071.7760070254712,100000,False,True,max_steps,safety_guard,"{""coast_to_crossing"": 181, ""energy_shape"": 18, ""safety_guard"": 99801}",0.020408163265306076,0.8302126822233656,-0.1426785900258876,0.2518939456084543,0.8295488202897672,0.2516291771397809,,,0.8573214099741124,1.2518939456084544,1.3678514218997802,False,0,18,99982,0.00018,2,99801,"{""approaching_target"": 100000, ""inside_target_orbit"": 100000, ""too_high_angular_momentum"": 99991, ""too_high_energy"": 99998, ""too_low_angular_momentum"": 5}"
phase21_orbital_transfer_planner,1.0,150.0,10000.0,1.0,True,True,True,True,-56.80655889685723,-3462.776521423222,-0.013502334433540866,-0.823066342493355,-3817.8857421875,False,0.6746558758239845,0.02052503083453011,False,1,1711,693.05859375,2453.6474609375,78.06700913583241,1927,True,False,success,phase76_handoff,"{""phase76_handoff"": 1711}",0.0,6.542940377050465e-10,-0.13397459621556124,-3.27146987699541e-10,0.8624157506482487,0.9057881760129234,0.6746558758239845,0.02052503083453011,0.8660254037844387,0.999999999672853,1.0000000000000058,False,0,0,1711,0.0,0,0,"{""approaching_target"": 1610, ""leaving_target"": 317, ""near_capture_window"": 212, ""too_low_angular_momentum"": 1719, ""too_low_energy"": 1721}"
phase21_orbital_transfer_planner,1.02,150.0,10000.0,1.0,False,False,False,False,,,,,,False,,,False,0,,150000207913.0,151847491987.20605,0.04737314593263204,100000,False,True,max_steps,coast_to_crossing,"{""angular_momentum_shape"": 3117, ""coast_to_crossing"": 93772, ""energy_shape"": 3111}",0.01960784313725499,0.02267413977837576,-0.12535721577320472,0.011529365124245914,0.034836791041211485,0.012245996315675193,,,0.8746427842267953,1.0115293651242458,1.1257786250435151,False,0,6228,93772,0.06228,519,0,"{""leaving_target"": 100000, ""outside_target_orbit"": 100000, ""too_high_energy"": 23310, ""too_low_angular_momentum"": 4}"
phase21_orbital_transfer_planner,1.05,150.0,10000.0,1.0,False,False,False,False,,,,,,False,,,False,0,,375000204775.41406,376298537769.04395,0.013072124630703362,100000,False,True,max_steps,coast_to_crossing,"{""angular_momentum_shape"": 3116, ""coast_to_crossing"": 93772, ""energy_shape"": 3112}",0.04761904761904765,0.03642545469461092,-0.11258803253505753,0.018653505869549305,0.04577159109392982,0.019679446018898875,,,0.8874119674649424,1.0186535058695494,1.1113206025120224,False,0,6228,93772,0.06228,519,0,"{""approaching_target"": 23642, ""leaving_target"": 76358, ""outside_target_orbit"": 100000, ""too_high_angular_momentum"": 3112, ""too_high_energy"": 100000, ""too_low_angular_momentum"": 3}"
phase21_orbital_transfer_planner,0.98,165.0,10000.0,1.0,False,False,False,False,,,,,,False,,,False,0,,139220215493.20312,139220215493.20312,1086.605396114574,100000,False,True,max_steps,safety_guard,"{""coast_to_crossing"": 181, ""energy_shape"": 16, ""safety_guard"": 99803}",0.020408163265306076,0.8028386610814983,-0.04378221735089306,0.3071568027996412,0.8023496180165026,0.30696948903830484,,,0.956217782649107,1.3071568027996412,1.3578104049090396,False,0,16,99984,0.00016,2,99803,"{""approaching_target"": 100000, ""inside_target_orbit"": 100000, ""too_high_angular_momentum"": 99996, ""too_high_energy"": 99998, ""too_low_angular_momentum"": 1}"
phase21_orbital_transfer_planner,1.0,165.0,10000.0,1.0,True,True,True,True,-44.608526823850546,-3025.2685757801814,-0.010602987744017906,-0.7190752063618795,-2523.248046875,False,0.5879837507187582,0.01630347108872191,False,1,41,1109.8916015625,1452.48828125,20.023515910274185,257,True,False,success,phase76_handoff,"{""phase76_handoff"": 41}",2.104654818683916e-16,3.8731815302402797e-10,-0.034074173710931875,-1.9365930641171432e-10,0.1618266520108394,0.1566586163525732,0.5879837507187582,0.01630347108872191,0.9659258262890681,0.9999999998063407,1.000000000000006,False,0,0,41,0.0,0,0,"{""approaching_target"": 234, ""leaving_target"": 23, ""near_capture_window"": 212, ""too_low_angular_momentum"": 48, ""too_low_energy"": 50}"
phase21_orbital_transfer_planner,1.02,165.0,10000.0,1.0,False,False,False,False,,,,,,False,,,False,0,,150000107623.57324,150957242174.11328,0.06268619488813208,100000,False,True,max_steps,coast_to_crossing,"{""angular_momentum_shape"": 3115, ""coast_to_crossing"": 93772, ""energy_shape"": 3113}",0.019607843137254777,0.04156336373509932,-0.024462734730208335,0.021199404808834626,0.04321033357849777,0.02059114903152114,,,0.9755372652697917,1.0211994048088346,1.0332233974206155,False,0,6228,93772,0.06228,519,0,"{""leaving_target"": 100000, ""outside_target_orbit"": 100000, ""too_high_energy"": 97005}"
phase21_orbital_transfer_planner,1.05,165.0,10000.0,1.0,False,False,False,False,,,,,,False,,,False,0,,375000105999.40234,375671540119.2422,0.08914640525677081,100000,False,True,max_steps,coast_to_crossing,"{""angular_momentum_shape"": 3114, ""coast_to_crossing"": 93772, ""energy_shape"": 3114}",0.04761904761904765,0.016175259631361304,-0.010220561444707415,-0.010224888015801315,0.016669616795149878,0.010611411010336412,,,0.9897794385552926,0.9897751119841987,1.005977307113983,False,0,6228,93772,0.06228,519,0,"{""approaching_target"": 39893, ""leaving_target"": 60107, ""outside_target_orbit"": 100000, ""too_high_energy"": 4425}"
phase21_orbital_transfer_planner,0.98,170.0,10000.0,1.0,False,False,False,False,,,,,,False,,,False,0,,142731397770.03613,142731397770.03613,736.0905855652683,100000,False,True,max_steps,safety_guard,"{""coast_to_crossing"": 181, ""energy_shape"": 16, ""safety_guard"": 99803}",0.020408163265306496,0.8187106704123054,-0.025090063551973553,0.3258911111968379,0.8182131038910605,0.3257030261091073,,,0.9749099364480265,1.325891111196838,1.3636432978484332,False,0,16,99984,0.00016,2,99803,"{""approaching_target"": 100000, ""inside_target_orbit"": 100000, ""too_high_angular_momentum"": 99997, ""too_high_energy"": 99998}"
phase21_orbital_transfer_planner,1.0,170.0,10000.0,1.0,True,True,True,True,-14.986215709532582,-4062.7001351939803,-0.0035620692457484448,-0.9656620114621247,-1402.0849609375,False,0.7768040924515426,0.02687945836559521,False,1,26,96.537109375,1044.1005859375,8.944379745003824,243,True,False,success,phase76_handoff,"{""phase76_handoff"": 26}",2.104654818683916e-16,2.784151045515293e-10,-0.015192246987791962,-1.3920757320459854e-10,0.11911657730373447,0.11527864173158785,0.7768040924515426,0.02687945836559521,0.984807753012208,0.9999999998607925,1.0000000000000058,False,0,0,26,0.0,0,0,"{""approaching_target"": 222, ""leaving_target"": 21, ""near_capture_window"": 211, ""too_low_angular_momentum"": 35, ""too_low_energy"": 37}"
phase21_orbital_transfer_planner,1.02,170.0,10000.0,1.0,False,False,False,False,,,,,,False,,,False,0,,150000072207.33203,150643231417.0166,0.1344969261323858,100000,False,True,max_steps,coast_to_crossing,"{""angular_momentum_shape"": 3115, ""coast_to_crossing"": 93772, ""energy_shape"": 3113}",0.01960784313725499,0.07935114674960966,-0.005392923511594131,0.04027274209222441,0.0792431117088637,0.03956043129957705,,,0.9946070764884059,1.0402727420922244,1.0341628620437904,False,0,6228,93772,0.06228,519,0,"{""leaving_target"": 100000, ""outside_target_orbit"": 100000, ""too_high_angular_momentum"": 96885, ""too_high_energy"": 99999}"
phase21_orbital_transfer_planner,1.05,170.0,10000.0,1.0,False,False,False,False,,,,,,False,,,False,0,,375000071117.6299,375450797313.20703,0.03857951987176224,100000,False,True,max_steps,coast_to_crossing,"{""angular_momentum_shape"": 3114, ""coast_to_crossing"": 93772, ""energy_shape"": 3114}",0.047619047619047436,0.01890058228235675,0.009127655905139585,0.009125494372826216,0.021699947528709383,0.010148776263773024,,,1.0091276559051396,1.0091254943728263,1.0066404257082722,False,0,6228,93772,0.06228,519,0,"{""approaching_target"": 37077, ""leaving_target"": 62923, ""outside_target_orbit"": 100000, ""too_high_angular_momentum"": 3114, ""too_high_energy"": 7794}"
phase21_orbital_transfer_planner,0.98,175.0,10000.0,1.0,False,False,False,False,,,,,,False,,,False,0,,146299531994.8496,146299531994.8496,379.6530562375222,100000,False,True,max_steps,safety_guard,"{""coast_to_crossing"": 181, ""energy_shape"": 16, ""safety_guard"": 99803}",0.020408163265306287,0.8283064143907742,-0.013817563036137981,0.33718986655262106,0.8278036930585951,0.3370014777126746,,,0.986182436963862,1.337189866552621,1.3671579120920827,False,0,16,99984,0.00016,2,99803,"{""approaching_target"": 100000, ""inside_target_orbit"": 100000, ""too_high_angular_momentum"": 99997, ""too_high_energy"": 99999}"
phase21_orbital_transfer_planner,1.0,175.0,10000.0,1.0,True,True,True,True,-79.19029577566482,-3603.0741488999756,-0.018822718330738394,-0.8564136446924371,-4727.6806640625,False,0.7077181783811932,0.021957297513013917,False,1,7,2218.6337890625,2824.8642578125,3.501781638919049,224,True,False,success,phase76_handoff,"{""phase76_handoff"": 7}",2.104654818683916e-16,7.532854247744352e-10,-0.0038053019082545138,-3.7664298555721054e-10,0.0447136338407116,0.03713902085836511,0.7077181783811932,0.021957297513013917,0.9961946980917454,0.9999999996233571,1.0000000000000058,False,0,0,7,0.0,0,0,"{""approaching_target"": 213, ""leaving_target"": 11, ""near_capture_window"": 212, ""too_low_angular_momentum"": 15, ""too_low_energy"": 17}"
phase21_orbital_transfer_planner,1.02,175.0,10000.0,1.0,False,False,False,False,,,,,,False,,,False,0,,150000036241.5664,150322259765.8125,0.005746828574828214,100000,False,True,max_steps,coast_to_crossing,"{""angular_momentum_shape"": 3114, ""coast_to_crossing"": 93772, ""energy_shape"": 3114}",0.019607843137254777,0.01215991808392534,0.006107327294770394,0.006106616667530337,0.013878831495140296,0.006818113039075401,,,1.0061073272947705,1.0061066166675303,1.0124368274564308,False,0,6228,93772,0.06228,519,0,"{""approaching_target"": 8039, ""leaving_target"": 91961, ""outside_target_orbit"": 100000, ""too_high_energy"": 3114}"
phase21_orbital_transfer_planner,1.05,175.0,10000.0,1.0,False,False,False,False,,,,,,False,,,False,0,,375000035694.63086,375226344866.5703,0.013067731758677262,100000,False,True,max_steps,coast_to_crossing,"{""angular_momentum_shape"": 3114, ""coast_to_crossing"": 93772, ""energy_shape"": 3114}",0.04761904761904765,0.040386369889541196,0.020795802465610375,0.020796509367304473,0.03994594710931631,0.02052416998743348,,,1.0207958024656103,1.0207965093673044,0.975863113227021,False,0,6228,93772,0.06228,519,0,"{""approaching_target"": 34564, ""leaving_target"": 65436, ""outside_target_orbit"": 100000, ""too_high_energy"": 96886}"
phase21_orbital_transfer_planner,0.98,150.0,12000.0,1.0,False,False,False,False,,,,,,False,,,False,0,,129351370308.02539,129351370308.02539,2071.7695379563415,100000,False,True,max_steps,safety_guard,"{""coast_to_crossing"": 181, ""energy_shape"": 15, ""safety_guard"": 99804}",0.020408163265306076,0.8302198642761162,-0.1426785900258876,0.2518972847422641,0.829793166484369,0.2517321165966337,,,0.8573214099741124,1.251897284742264,1.3678541272723257,False,0,15,99985,0.00015,2,99804,"{""approaching_target"": 100000, ""inside_target_orbit"": 100000, ""too_high_angular_momentum"": 99993, ""too_high_energy"": 99999, ""too_low_angular_momentum"": 4}"
phase21_orbital_transfer_planner,1.0,150.0,12000.0,1.0,True,True,True,True,-39.808748203602455,-4852.3106761866475,-0.009462129762191894,-1.1533443108967762,-1244.0107421875,False,0.9340300045979194,0.03135376273812549,False,4,55,51.9462890625,217.6943359375,21.732370898338264,270,True,False,success,phase76_handoff,"{""phase76_handoff"": 55}",0.0,5.8061954344960664e-11,-0.13397459621556124,2.903110409476575e-11,0.2098163772666017,0.2070300221890964,0.9340300045979194,0.03135376273812549,0.8660254037844387,1.000000000029031,1.0000000000000049,False,0,0,55,0.0,0,0,"{""approaching_target"": 240, ""leaving_target"": 30, ""near_capture_window"": 209, ""too_low_angular_momentum"": 64, ""too_low_energy"": 65}"
phase21_orbital_transfer_planner,1.02,150.0,12000.0,1.0,False,False,False,False,,,,,,False,,,False,0,,150000207838.4541,151537422827.49414,0.09957020959252831,100000,False,True,max_steps,coast_to_crossing,"{""angular_momentum_shape"": 3117, ""coast_to_crossing"": 93772, ""energy_shape"": 3111}",0.01960784313725499,0.0766616580541641,-0.12535721577320472,0.03893339940160312,0.08390670873478116,0.03807941658065383,,,0.8746427842267953,1.0389333994016032,1.1297339326541278,False,0,6228,93772,0.06228,519,0,"{""leaving_target"": 100000, ""outside_target_orbit"": 100000, ""too_high_energy"": 97419, ""too_low_angular_momentum"": 4}"
phase21_orbital_transfer_planner,1.05,150.0,12000.0,1.0,False,False,False,False,,,,,,False,,,False,0,,375000204672.7666,376079422659.31055,0.04273826409652691,100000,False,True,max_steps,coast_to_crossing,"{""angular_momentum_shape"": 3116, ""coast_to_crossing"": 93772, ""energy_shape"": 3112}",0.04761904761904765,0.08560428469166204,-0.11258803253505753,0.044935493423773,0.08946937685091118,0.043707414755979807,,,0.8874119674649424,1.044935493423773,1.1057962573016271,False,0,6228,93772,0.06228,519,0,"{""leaving_target"": 100000, ""outside_target_orbit"": 100000, ""too_high_angular_momentum"": 96884, ""too_high_energy"": 97129, ""too_low_angular_momentum"": 2}"
phase21_orbital_transfer_planner,0.98,165.0,12000.0,1.0,False,False,False,False,,,,,,False,,,False,0,,139229823158.75195,139229823158.75195,1086.1990011728453,100000,False,True,max_steps,safety_guard,"{""coast_to_crossing"": 181, ""energy_shape"": 14, ""safety_guard"": 99805}",0.020408163265306076,0.8507428340388336,-0.04378221735089306,0.3247051633809256,0.8504180120348904,0.32458347361586676,,,0.956217782649107,1.3247051633809255,1.3753375412564228,False,0,14,99986,0.00014,2,99805,"{""approaching_target"": 100000, ""inside_target_orbit"": 100000, ""too_high_angular_momentum"": 99996, ""too_high_energy"": 99999, ""too_low_angular_momentum"": 1}"
phase21_orbital_transfer_planner,1.0,165.0,12000.0,1.0,True,True,True,True,-49.89490215814327,-3804.1918098357014,-0.011859504757034702,-0.904217242924399,-3756.763671875,False,0.7376052005488627,0.020534347013872814,False,1,47,861.8408203125,1917.5859375,12.276941494087874,260,True,False,success,phase76_handoff,"{""phase76_handoff"": 47}",2.104654818683916e-16,5.113460928855167e-10,-0.034074173710931875,-2.556731218535144e-10,0.18107684618310782,0.16981116337464267,0.7376052005488627,0.020534347013872814,0.9659258262890681,0.9999999997443269,1.0000000000000049,False,0,0,47,0.0,0,0,"{""approaching_target"": 239, ""leaving_target"": 21, ""near_capture_window"": 209, ""too_low_angular_momentum"": 53, ""too_low_energy"": 55}"
phase21_orbital_transfer_planner,1.02,165.0,12000.0,1.0,False,False,False,False,,,,,,False,,,False,0,,150000107584.9629,150796348067.69824,0.06828234744894587,100000,False,True,max_steps,coast_to_crossing,"{""angular_momentum_shape"": 3115, ""coast_to_crossing"": 93772, ""energy_shape"": 3113}",0.019607843137254777,0.059567961450127146,-0.024462734730208335,0.030331573744878874,0.06029328134939934,0.02947686812203231,,,0.9755372652697917,1.0303315737448788,1.041855793928595,False,0,6228,93772,0.06228,519,0,"{""leaving_target"": 100000, ""outside_target_orbit"": 100000, ""too_high_energy"": 97029}"
phase21_orbital_transfer_planner,1.05,165.0,12000.0,1.0,False,False,False,False,,,,,,False,,,False,0,,375000105946.2383,375557917506.9922,0.07402800683239043,100000,False,True,max_steps,coast_to_crossing,"{""angular_momentum_shape"": 3114, ""coast_to_crossing"": 93772, ""energy_shape"": 3114}",0.04761904761904765,0.016178312135533418,-0.010220561444707415,-0.010225561711119446,0.017109129734925007,0.010816579970895114,,,0.9897794385552926,0.9897744382888806,1.0120014699361093,False,0,6228,93772,0.06228,519,0,"{""approaching_target"": 48925, ""leaving_target"": 51075, ""outside_target_orbit"": 100000, ""too_high_energy"": 4237}"
phase21_orbital_transfer_planner,0.98,170.0,12000.0,1.0,False,False,False,False,,,,,,False,,,False,0,,142729189089.98145,142729189089.98145,736.0426819403393,100000,False,True,max_steps,safety_guard,"{""coast_to_crossing"": 181, ""energy_shape"": 13, ""safety_guard"": 99806}",0.020408163265306496,0.794608842719898,-0.025090063551973553,0.31711787183325674,0.7944204225074232,0.3170467740738575,,,0.9749099364480265,1.3171178718332568,1.3547772112660352,False,0,13,99987,0.00013,2,99806,"{""approaching_target"": 100000, ""inside_target_orbit"": 100000, ""too_high_angular_momentum"": 99997, ""too_high_energy"": 99999}"
phase21_orbital_transfer_planner,1.0,170.0,12000.0,1.0,True,True,True,True,-59.117835269584,-2644.140708489538,-0.01405170104118139,-0.628485034627588,-4974.4609375,False,0.5196500696147496,0.011302579212861713,False,1,19,567.279296875,2772.2412109375,6.334229874531583,231,True,False,success,phase76_handoff,"{""phase76_handoff"": 19}",2.104654818683916e-16,7.39254322494715e-10,-0.015192246987791962,-3.6962701919711793e-10,0.08395073686818688,0.07826315739382109,0.5196500696147496,0.011302579212861713,0.984807753012208,0.999999999630373,1.0000000000000049,False,0,0,19,0.0,0,0,"{""approaching_target"": 220, ""leaving_target"": 11, ""near_capture_window"": 209, ""too_low_angular_momentum"": 24, ""too_low_energy"": 25}"
phase21_orbital_transfer_planner,1.02,170.0,12000.0,1.0,False,False,False,False,,,,,,False,,,False,0,,150000072181.4248,150533535088.92773,0.046792610485921454,100000,False,True,max_steps,coast_to_crossing,"{""angular_momentum_shape"": 3114, ""coast_to_crossing"": 93772, ""energy_shape"": 3114}",0.01960784313725499,0.009954619869272785,-0.005392923511594131,-0.005395094473039987,0.010580823628644575,0.005913040167869656,,,0.9946070764884059,0.99460490552696,1.0165487374796371,False,0,6228,93772,0.06228,519,0,"{""approaching_target"": 28284, ""leaving_target"": 71716, ""outside_target_orbit"": 100000, ""too_high_energy"": 3114}"
phase21_orbital_transfer_planner,1.05,170.0,12000.0,1.0,False,False,False,False,,,,,,False,,,False,0,,375000071081.95703,375374518684.4072,0.03181424444201045,100000,False,True,max_steps,coast_to_crossing,"{""angular_momentum_shape"": 3114, ""coast_to_crossing"": 93772, ""energy_shape"": 3114}",0.047619047619047436,0.018899469869908776,0.009127655905139585,0.00912519111298972,0.02193299136526293,0.010352990275133773,,,1.0091276559051396,1.0091251911129897,1.012792426191769,False,0,6228,93772,0.06228,519,0,"{""approaching_target"": 46531, ""leaving_target"": 53469, ""outside_target_orbit"": 100000, ""too_high_angular_momentum"": 3114, ""too_high_energy"": 7044}"
phase21_orbital_transfer_planner,0.98,175.0,12000.0,1.0,False,False,False,False,,,,,,False,,,False,0,,146299857936.08496,146299857936.08496,379.3456099177911,100000,False,True,max_steps,safety_guard,"{""coast_to_crossing"": 181, ""energy_shape"": 13, ""safety_guard"": 99806}",0.020408163265306287,0.8039633178546781,-0.013817563036137981,0.32841533707084514,0.803772941642481,0.32834400823951393,,,0.986182436963862,1.3284153370708451,1.3582259378499502,False,0,13,99987,0.00013,2,99806,"{""approaching_target"": 100000, ""inside_target_orbit"": 100000, ""too_high_angular_momentum"": 99997, ""too_high_energy"": 99999}"
phase21_orbital_transfer_planner,1.0,175.0,12000.0,1.0,True,True,True,True,-49.59440466036999,-3805.3841505526866,-0.011788079594339246,-0.9045006500420295,-4449.8916015625,False,0.7377462161401496,0.02054370229463622,False,1,25,509.548828125,2621.802734375,2.228509408401243,238,True,False,success,phase76_handoff,"{""phase76_handoff"": 25}",2.104654818683916e-16,6.99137496995781e-10,-0.0038053019082545138,-3.495687966797318e-10,0.1117721993164184,0.09612948704126306,0.7377462161401496,0.02054370229463622,0.9961946980917454,0.9999999996504312,1.0000000000000049,False,0,0,25,0.0,0,0,"{""approaching_target"": 219, ""leaving_target"": 19, ""near_capture_window"": 209, ""too_low_angular_momentum"": 31, ""too_low_energy"": 33}"
phase21_orbital_transfer_planner,1.02,175.0,12000.0,1.0,False,False,False,False,,,,,,False,,,False,0,,150000036228.56152,150267974078.37793,0.009261902636840692,100000,False,True,max_steps,coast_to_crossing,"{""angular_momentum_shape"": 3114, ""coast_to_crossing"": 93772, ""energy_shape"": 3114}",0.019607843137254777,0.012159706300613856,0.006107327294770394,0.0061065620907307635,0.014104851854952836,0.006960267722610895,,,1.0061073272947705,1.0061065620907308,1.0168951966717692,False,0,6228,93772,0.06228,519,0,"{""approaching_target"": 21681, ""leaving_target"": 78319, ""outside_target_orbit"": 100000, ""too_high_energy"": 3114}"
phase21_orbital_transfer_planner,1.05,175.0,12000.0,1.0,False,False,False,False,,,,,,False,,,False,0,,375000035676.7256,375188035176.5996,0.011392661160146823,100000,False,True,max_steps,coast_to_crossing,"{""angular_momentum_shape"": 3114, ""coast_to_crossing"": 93772, ""energy_shape"": 3114}",0.04761904761904765,0.04038644066087986,0.020795802465610375,0.02079658572207968,0.04027503168828546,0.02072876691617168,,,1.0207958024656103,1.0207965857220798,0.9758557570421258,False,0,6228,93772,0.06228,519,0,"{""approaching_target"": 44723, ""leaving_target"": 55277, ""outside_target_orbit"": 100000, ""too_high_energy"": 96886, ""too_low_energy"": 3101}"
