controller_name,transfer_family,case_label,qualitative_family_label,post_cross_mode,r0_over_target,initial_velocity_angle_deg,thrust_scale,target_radius_scale,crossing_occurs,recoverable_crossing,recoverable_state,first_crossing_step,crossing_vr_ratio,crossing_vt_error_ratio,crossing_sync_error,min_abs_radius_error,min_abs_radius_error_ratio,closest_approach_step,best_crossing_potential,crossing_potential_at_closest,best_post_cross_distance,best_post_cross_sync,radius_crossings_total,overspeed,instability,max_speed_ratio,steps,termination_reason,dominant_stage,radial_velocity_trend,final_radius_error_ratio,final_vr_ratio,final_vt_error_ratio
phase36a_transfer_family_visualization,baseline_phase34,representative_crossing,Phase34 reference transfer,radius_priority,1.0,150.0,8000.0,1.0,True,True,True,1716,-0.013726252132647544,-0.7501864509894992,3.000745803957997,0.0,0.0,1,0.9437305692623708,0.7720677359553495,0.9967521592988361,0.9967521495896127,1,False,False,1.000000000000007,2013,success,phase76_handoff,damped_to_low_radial_motion,-2.6248734375e-09,1.458260943848577e-09,7.133858512510296e-15
phase36a_transfer_family_visualization,baseline_phase34,representative_near_crossing,Phase34 reference transfer,radius_priority,0.98,150.0,10000.0,1.0,False,False,False,,,,,149442266765.8164,0.01992563556877552,100000,0.8205889613124586,0.38443634393531506,8.647731251747494,7.970254077744948,0,False,False,1.374876627303795,100000,max_steps,phase76_handoff,same_direction_weakening,-0.01992563519436237,0.006674562441768901,-0.8346755087745041
phase36a_transfer_family_visualization,baseline_phase34,representative_over_conservative_transfer,Phase34 reference transfer,radius_priority,1.02,175.0,8000.0,1.0,False,False,False,,,,,150000000000.0,0.02,1,0.6984535440274389,0.6984535440274389,9.248438132055265,8.186504103227188,0,False,False,0.9720374749698517,100000,max_steps,coast_arc,same_direction_weakening,0.02046626025806797,0.08161871712335189,-0.34102061779164794
phase36a_transfer_family_visualization,spiral_approach,representative_crossing,gradual low-thrust radius shaping,radius_priority,1.0,150.0,8000.0,1.0,True,True,True,588,-0.024368084348946484,-1.0014581431793745,4.005832572717498,0.0,0.0,1,0.9437304528988553,0.7720677359553495,0.9989702261456906,0.9989702261241067,1,False,False,1.000000000000005,939,success,family_spiral_approach,damped_to_low_radial_motion,-1.6395665104166665e-08,9.108699611137946e-09,5.188260736371124e-15
phase36a_transfer_family_visualization,spiral_approach,representative_near_crossing,gradual low-thrust radius shaping,radius_priority,0.98,150.0,10000.0,1.0,False,False,False,,,,,149733918419.3672,0.019964522455915627,100000,0.8222491185876676,0.3945902529703459,8.972353820077537,7.98580947646125,0,False,False,1.1986707240486894,100000,max_steps,family_spiral_approach,damped_to_low_radial_motion,-0.019964523691153126,-0.022020241733355542,-0.984814464230863
phase36a_transfer_family_visualization,spiral_approach,representative_over_conservative_transfer,gradual low-thrust radius shaping,radius_priority,1.02,175.0,8000.0,1.0,False,False,False,,,,,149659097143.40918,0.01995454628578789,100000,0.8179969114420538,0.5189098341862072,8.980907592498408,7.981818263491562,0,False,False,1.002660836623436,100000,max_steps,family_spiral_approach,damped_to_low_radial_motion,0.019954545658728905,-0.011178411659854198,-1.0196471870056076
phase36a_transfer_family_visualization,delayed_crossing,representative_crossing,delayed commitment before handoff,radius_priority,1.0,150.0,8000.0,1.0,False,False,False,,,,,0.0,0.0,1,0.9616024115433658,0.7720677359553495,4.020308952819845,3.949258235440118,0,False,False,1.0000000000000273,100000,max_steps,family_delayed_commit,damped_to_low_radial_motion,2.501518276015625e-05,-0.01504849951899313,-0.9873145588600295
phase36a_transfer_family_visualization,delayed_crossing,representative_near_crossing,delayed commitment before handoff,radius_priority,0.98,150.0,10000.0,1.0,False,False,False,,,,,149996255948.0371,0.019999500793071615,1617,0.8144002879164287,0.39458264096636625,8.980444740486472,8.040229178377396,0,False,False,1.0052078246048783,100000,max_steps,family_delayed_commit,reversed_direction,-0.02010057294594349,0.006133816483338303,-0.9971535499382638
phase36a_transfer_family_visualization,delayed_crossing,representative_over_conservative_transfer,delayed commitment before handoff,radius_priority,1.02,175.0,8000.0,1.0,False,False,False,,,,,149955835899.91406,0.019994111453321875,99999,0.8180831955029015,0.5187193813022639,8.91982154021304,7.99764444025151,0,False,False,1.0011230487187996,100000,max_steps,family_delayed_commit,reversed_direction,0.019994111100628775,-0.010590169666705802,-0.9785359115356531
phase36a_transfer_family_visualization,energy_bleed_then_cross,representative_crossing,"early tangential energy bleed, later crossing commit",radius_priority,1.0,150.0,8000.0,1.0,False,False,False,,,,,0.0,0.0,1,0.7720677359553495,0.7720677359553495,19.545285896990272,15.797466889968076,0,True,False,1.9036645775640142,58,overspeed,family_energy_bleed,same_direction_weakening,1.299482083203125e-06,0.3159493377993615,-2.877262592131458
phase36a_transfer_family_visualization,energy_bleed_then_cross,representative_near_crossing,"early tangential energy bleed, later crossing commit",radius_priority,0.98,150.0,10000.0,1.0,False,False,False,,,,,149992186865.98535,0.019998958248798045,47,0.7735042654662273,0.31365837805975316,21.221077090761792,15.856374352039436,0,True,False,1.9300684505826808,47,overspeed,family_energy_bleed,same_direction_weakening,-0.019998940459365105,0.31712748704078875,-2.903836752691213
phase36a_transfer_family_visualization,energy_bleed_then_cross,representative_over_conservative_transfer,"early tangential energy bleed, later crossing commit",radius_priority,1.02,175.0,8000.0,1.0,False,False,False,,,,,150000000000.0,0.02,1,0.6984535440274389,0.6984535440274389,14.356859465383904,11.620835006650523,0,True,False,1.905951214867018,61,overspeed,family_energy_bleed,same_direction_weakening,0.020000233178958594,0.053194417387370616,-2.905208751662631
phase36a_transfer_family_visualization,overshoot_return,representative_crossing,controlled overshoot followed by return attempt,radius_priority,1.0,150.0,8000.0,1.0,False,False,False,,,,,0.0,0.0,1,0.7723102637391895,0.7720677359553495,83.20487854945056,83.204330342024,0,True,False,1.903645878502153,36,overspeed,family_overshoot_shape,same_direction_weakening,2.150550320703125e-06,1.6640866068404798,-0.07550911541953398
phase36a_transfer_family_visualization,overshoot_return,representative_near_crossing,controlled overshoot followed by return attempt,radius_priority,0.98,150.0,10000.0,1.0,False,False,False,,,,,149998850932.583,0.019999846791011067,12,0.7735042654662273,0.6336684922712883,84.260263880618,83.87936681401372,0,True,False,1.930243662161856,51,overspeed,family_overshoot_shape,same_direction_weakening,-0.020001738421470183,-1.6775873362802745,-0.0452532668460882
phase36a_transfer_family_visualization,overshoot_return,representative_over_conservative_transfer,controlled overshoot followed by return attempt,radius_priority,1.02,175.0,8000.0,1.0,False,False,False,,,,,150000000000.0,0.02,1,0.6984535440274389,0.6984535440274389,81.74252714031016,81.35002100906561,0,True,False,1.9062709564018234,45,overspeed,family_overshoot_shape,same_direction_weakening,0.020002205651142448,1.6270004201813124,-0.006652834125471979
phase36a_transfer_family_visualization,grazing_corridor,representative_crossing,near-target loiter with soft crossing windows,radius_priority,1.0,150.0,8000.0,1.0,True,True,True,80,-0.12312988158851404,-0.01026241893798137,6.156494079425702,0.0,0.0,1,0.9945828898651019,0.7720677359553495,0.8731402691635667,0.8725137819922048,1,False,False,0.9999999999999954,307,success,lock,damped_to_low_radial_motion,-8.943470598958333e-08,4.968593865876136e-08,-5.836793328417515e-15
phase36a_transfer_family_visualization,grazing_corridor,representative_near_crossing,near-target loiter with soft crossing windows,radius_priority,0.98,150.0,10000.0,1.0,False,False,False,,,,,149379328520.56055,0.019917243802741406,99999,0.8202715784115718,0.39324582866942254,8.987651485965651,7.96689724616401,0,False,False,1.0077820372607038,100000,max_steps,family_grazing_commit,damped_to_low_radial_motion,-0.019917243115410026,0.01746399614842087,-1.0168563565766289
phase36a_transfer_family_visualization,grazing_corridor,representative_over_conservative_transfer,near-target loiter with soft crossing windows,radius_priority,1.02,175.0,8000.0,1.0,False,False,False,,,,,149631537264.12305,0.019950871635216406,7028,0.8196223705712864,0.517107282440428,9.015963033557162,7.993152662402396,0,False,False,1.0077824325757452,100000,max_steps,family_grazing_commit,damped_to_low_radial_motion,0.01998288165600599,0.02011815326882979,-1.011967443603932
phase36a_transfer_family_visualization,two_stage_transfer,representative_crossing,geometry-shaping stage then crossing-commit stage,radius_priority,1.0,150.0,8000.0,1.0,False,False,False,,,,,0.0,0.0,1,0.7757102350591614,0.7720677359553495,14.685127462821438,11.597357107453117,0,True,False,1.9078656659231652,77,overspeed,family_two_stage_shape,same_direction_weakening,1.344482340625e-06,0.18017133671291646,-2.8993392768632793
phase36a_transfer_family_visualization,two_stage_transfer,representative_near_crossing,geometry-shaping stage then crossing-commit stage,radius_priority,0.98,150.0,10000.0,1.0,False,False,False,,,,,149996263481.51855,0.019999501797535808,22,0.7907253765034392,0.3852959451526325,19.593079889168127,17.528636447159755,0,True,False,1.9210432212330215,22,overspeed,family_two_stage_shape,same_direction_weakening,-0.019999482131973827,0.35057272894319513,0.8887842173119367
phase36a_transfer_family_visualization,two_stage_transfer,representative_over_conservative_transfer,geometry-shaping stage then crossing-commit stage,radius_priority,1.02,175.0,8000.0,1.0,False,False,False,,,,,150000000000.0,0.02,1,0.6984535440274389,0.6984535440274389,14.259101798080142,11.70588551439644,0,True,False,1.9267093867854432,79,overspeed,family_two_stage_shape,same_direction_weakening,0.020000235467036328,0.030283470170720576,-2.92647137859911
