controller_name,case_id,r0_over_target,initial_velocity_angle_deg,thrust_scale,phase28_reference_family_label,phase28_reference_window_quality,phase29_family_label,window_quality_label,crossing_occurs,recoverable_crossing,near_recoverable_crossing,capture_entered,success,insertion_windows,good_windows,dead_windows,sync_error_at_crossing,min_distance_to_recoverable,crossing_vr_ratio,crossing_vt_error_ratio,burn_a_end_radius_ratio,burn_a_end_vr_ratio,burn_a_end_vt_error_ratio,burn_a_end_energy_error_ratio,burn_a_end_angular_momentum_error_ratio,burn_a_end_eccentricity_proxy,burn_a_end_periapsis_ratio,burn_a_end_apoapsis_ratio,burn_a_end_orbit_crosses_target,burn_a_end_predicted_crossing_step,family_quality_score,overspeed,instability
phase29_baseline_phase22_burn_a,r0=0.98|angle=150|thrust=8000|target=1,0.98,150.0,8000.0,dead_geometry,no_window,window_no_crossing,dead_window_no_crossing,False,False,False,False,False,1,0,1,,,,,0.9800004769559255,0.49579972402077377,0.18360751399154399,0.6059287802295499,0.15993592824033054,0.6854169113465116,0.7982899356028477,4.276934794498014,True,719093,0.0,False,False
phase29_baseline_phase22_burn_a,r0=1|angle=150|thrust=8000|target=1,1.0,150.0,8000.0,crossing_bad_sync,no_window,crossing_bad_sync,no_window,True,False,False,True,True,0,0,0,3.120380097204119,3.134710956393185,-0.005988015668111895,-0.7800950243010297,,,,,,,,,,,8.93980995139794,False,False
phase29_baseline_phase22_burn_a,r0=1.02|angle=150|thrust=8000|target=1,1.02,150.0,8000.0,dead_geometry,no_window,dead_geometry,no_window,False,False,False,False,False,0,0,0,,,,,1.0200004675100474,0.48598018772498364,-0.4513055010587962,-0.4235410189842285,-0.4403313545597811,0.7443827513935656,0.17956437166020744,1.2253828503222721,True,,0.0,False,False
phase29_baseline_phase22_burn_a,r0=1.05|angle=150|thrust=8000|target=1,1.05,150.0,8000.0,dead_geometry,no_window,dead_geometry,no_window,False,False,False,False,False,0,0,0,,,,,1.0500006171729654,0.46967137828890315,-0.7906194526914015,-0.6403293679993707,-0.7801502961019586,0.9595397318422709,0.02466594145484109,1.194601383155278,True,,0.0,False,False
phase29_baseline_phase22_burn_a,r0=0.98|angle=165|thrust=8000|target=1,0.98,165.0,8000.0,dead_geometry,no_window,window_no_crossing,dead_window_no_crossing,False,False,False,False,False,1,0,1,,,,,0.9800002468898223,0.2566434845518192,0.28462494947249095,0.6753113265789297,0.2589327676438668,0.6967044698229179,0.9341118277438504,5.225634919585132,True,1389204,0.0,False,False
phase29_baseline_phase22_burn_a,r0=1|angle=165|thrust=8000|target=1,1.0,165.0,8000.0,near_recoverable_crossing,no_window,near_recoverable_crossing,no_window,True,False,True,True,True,0,0,0,2.988704842796222,3.1666781075799455,-0.020933166025926386,-0.7471762106990555,,,,,,,,,,,11.00564757860189,False,False
phase29_baseline_phase22_burn_a,r0=1.02|angle=165|thrust=8000|target=1,1.02,165.0,8000.0,dead_geometry,no_window,dead_geometry,no_window,False,False,False,False,False,0,0,0,,,,,1.0200002420002223,0.2515603009451782,-0.35248661412242427,-0.478227678617212,-0.3395361897064895,0.5959686992420059,0.273321428493302,1.0796501258418683,True,,0.0,False,False
phase29_baseline_phase22_burn_a,r0=1.05|angle=165|thrust=8000|target=1,1.05,165.0,8000.0,dead_geometry,no_window,dead_geometry,no_window,False,False,False,False,False,0,0,0,,,,,1.0500003194701832,0.24311675008035075,-0.6933177526941889,-0.7516015702421596,-0.6779835423530648,0.9046371524395213,0.05444323023031711,1.087368945539484,True,,0.0,False,False
phase29_baseline_phase22_burn_a,r0=0.98|angle=170|thrust=8000|target=1,0.98,170.0,8000.0,dead_geometry,no_window,window_no_crossing,dead_window_no_crossing,False,False,False,False,False,1,0,1,,,,,0.9800001656444901,0.1721884583827116,0.30371940747471615,0.6885171770447284,0.27764523527915846,0.7011009169556716,0.9596005333727498,5.461299280698849,True,2070589,0.0,False,False
phase29_baseline_phase22_burn_a,r0=1|angle=170|thrust=8000|target=1,1.0,170.0,8000.0,crossing_bad_sync,no_window,crossing_bad_sync,no_window,True,False,False,True,True,0,0,0,3.646547447633596,3.6602346470497937,-0.006324852049514541,-0.911636861908399,,,,,,,,,,,8.676726276183203,False,False
phase29_baseline_phase22_burn_a,r0=1.02|angle=170|thrust=8000|target=1,1.02,170.0,8000.0,dead_geometry,no_window,dead_geometry,no_window,False,False,False,False,False,0,0,0,,,,,1.0200001623638741,0.1687778291827092,-0.333810189216919,-0.48848918199254104,-0.32048628483609887,0.5592018049645204,0.29613799036511135,1.0475063062785053,True,,0.0,False,False
phase29_baseline_phase22_burn_a,r0=1.05|angle=170|thrust=8000|target=1,1.05,170.0,8000.0,dead_geometry,no_window,dead_geometry,no_window,False,False,False,False,False,0,0,0,,,,,1.0500002143401874,0.16311254864183605,-0.6749291744019263,-0.7724847707567988,-0.6586755634462812,0.8907869114807685,0.061615812062859564,1.066743671187346,True,,0.0,False,False
phase29_baseline_phase22_burn_a,r0=0.98|angle=175|thrust=8000|target=1,0.98,175.0,8000.0,dead_geometry,no_window,window_no_crossing,dead_window_no_crossing,False,False,False,False,False,1,0,1,,,,,0.9800000831386255,0.08642321338853395,0.3152348424681606,0.6964955092573515,0.2889302549656146,0.7041132611213288,0.9749006947299615,5.6147876328008035,True,4125432,0.0,False,False
phase29_baseline_phase22_burn_a,r0=1|angle=175|thrust=8000|target=1,1.0,175.0,8000.0,crossing_bad_sync,no_window,crossing_bad_sync,no_window,True,False,False,True,True,0,0,0,3.2703555545449374,3.2972025479901705,-0.00839807571601849,-0.8175888886362344,,,,,,,,,,,8.86482222272753,False,False
phase29_baseline_phase22_burn_a,r0=1.02|angle=175|thrust=8000|target=1,1.02,175.0,8000.0,dead_geometry,no_window,dead_geometry,no_window,False,False,False,False,False,0,0,0,,,,,1.0200000814919532,0.08471107791621893,-0.32254724938436546,-0.49466596103204363,-0.3089981391651051,0.5350902339437289,0.31104593145030085,1.0270456904523155,True,,0.0,False,False
phase29_baseline_phase22_burn_a,r0=1.05|angle=175|thrust=8000|target=1,1.05,175.0,8000.0,dead_geometry,no_window,dead_geometry,no_window,False,False,False,False,False,0,0,0,,,,,1.0500001075792307,0.08186739242209277,-0.6638399339499458,-0.7850558496580884,-0.6470318944836019,0.8818198051863361,0.0662053205989607,1.0542078028240864,True,,0.0,False,False
phase29_baseline_phase22_burn_a,r0=0.98|angle=150|thrust=10000|target=1,0.98,150.0,10000.0,dead_geometry,no_window,window_no_crossing,dead_window_no_crossing,False,False,False,False,False,1,0,1,,,,,0.9800004757901977,0.49350582230563467,0.2608058137839166,0.7923639610065297,0.2355902973872855,0.8264414737640089,0.8358786224073995,8.796360605884257,True,722435,0.0,False,False
phase29_baseline_phase22_burn_a,r0=1|angle=150|thrust=10000|target=1,1.0,150.0,10000.0,crossing_bad_sync,no_window,crossing_bad_sync,no_window,True,False,False,True,True,0,0,0,3.8282686212063286,3.828995307954149,-0.0014919024394221608,-0.9570671553015822,,,,,,,,,,,8.585865689396837,False,False
phase29_baseline_phase22_burn_a,r0=1.02|angle=150|thrust=10000|target=1,1.02,150.0,10000.0,dead_geometry,no_window,dead_geometry,no_window,False,False,False,False,False,0,0,0,,,,,1.0200004663673365,0.4837315268356118,-0.5285057293534758,-0.5044803799032418,-0.5190756240510184,0.807484586649092,0.12796139844860546,1.2014012351329815,True,,0.0,False,False
phase29_baseline_phase22_burn_a,r0=1.05|angle=150|thrust=10000|target=1,1.05,150.0,10000.0,dead_geometry,no_window,dead_geometry,no_window,False,False,False,False,False,0,0,0,,,,,1.0500006141249643,0.46520514803724156,-0.9495656869450031,-0.6858013410099834,-0.9470439403192827,0.9976334159855768,0.0014038332731454437,1.184975576534286,True,,0.0,False,False
phase29_baseline_phase22_burn_a,r0=0.98|angle=165|thrust=10000|target=1,0.98,165.0,10000.0,dead_geometry,no_window,window_no_crossing,dead_window_no_crossing,False,False,False,False,False,1,0,1,,,,,0.9800002462862174,0.25545574554140393,0.36184834436647384,0.8790727373356647,0.3346117128836218,0.8857797466504785,0.9445368300990087,15.594330882068713,True,1395663,0.0,False,False
phase29_baseline_phase22_burn_a,r0=1|angle=165|thrust=10000|target=1,1.0,165.0,10000.0,near_recoverable_crossing,no_window,crossing_bad_sync,no_window,True,False,False,True,True,0,0,0,3.7979517781608254,3.79942093563033,-0.0021129824297496515,-0.9494879445402064,,,,,,,,,,,8.601024110919587,False,False
phase29_baseline_phase22_burn_a,r0=1.02|angle=165|thrust=10000|target=1,1.02,165.0,10000.0,dead_geometry,no_window,dead_geometry,no_window,False,False,False,False,False,0,0,0,,,,,1.0200002414085185,0.25039592636652636,-0.4297106741274047,-0.5728558145117674,-0.41830474993725164,0.683954514909853,0.20093735368124074,1.0706350190354683,True,,0.0,False,False
phase29_baseline_phase22_burn_a,r0=1.05|angle=165|thrust=10000|target=1,1.05,165.0,10000.0,dead_geometry,no_window,dead_geometry,no_window,False,False,False,False,False,0,0,0,,,,,1.050000317891939,0.2408041701539587,-0.8523096741116817,-0.824962247362826,-0.844925110867702,0.9778102597753187,0.012159013292875935,1.0837540681366788,True,,0.0,False,False
phase29_baseline_phase22_burn_a,r0=0.98|angle=170|thrust=10000|target=1,0.98,170.0,10000.0,dead_geometry,no_window,window_no_crossing,dead_window_no_crossing,False,False,False,False,False,1,0,1,,,,,0.9800001652395002,0.1713915561188427,0.38094787923977064,0.8955761282605698,0.3533291498421126,0.8993040092575407,0.9643004905403889,18.188408240568684,True,2080217,0.0,False,False
phase29_baseline_phase22_burn_a,r0=1|angle=170|thrust=10000|target=1,1.0,170.0,10000.0,crossing_bad_sync,no_window,crossing_bad_sync,no_window,True,False,False,True,True,0,0,0,7.4610975801887705,8.013550658069029,-0.1492219516037754,-0.7309675543558039,,,,,,,,,,,6.769451209905615,False,False
phase29_baseline_phase22_burn_a,r0=1.02|angle=170|thrust=10000|target=1,1.02,170.0,10000.0,dead_geometry,no_window,dead_geometry,no_window,False,False,False,False,False,0,0,0,,,,,1.020000161966854,0.1679965545507877,-0.4110390281686279,-0.5856861336890828,-0.3992597133398449,0.6540210150499594,0.21818881908560564,1.043094834412089,True,,0.0,False,False
phase29_baseline_phase22_burn_a,r0=1.05|angle=170|thrust=10000|target=1,1.05,170.0,10000.0,dead_geometry,no_window,dead_geometry,no_window,False,False,False,False,False,0,0,0,,,,,1.050000213281225,0.16156086228970176,-0.8339302602238261,-0.8510804471641491,-0.8256267378154603,0.9714504536728349,0.015423179673743008,1.0650268910209129,True,,0.0,False,False
phase29_baseline_phase22_burn_a,r0=0.98|angle=175|thrust=10000|target=1,0.98,175.0,10000.0,dead_geometry,no_window,window_no_crossing,dead_window_no_crossing,False,False,False,False,False,1,0,1,,,,,0.9800000829353641,0.08602327355084481,0.39246644573117756,0.9055466522590407,0.36461723230126575,0.9078055116004169,0.976084920276503,20.19838954605001,True,4144612,0.0,False,False
phase29_baseline_phase22_burn_a,r0=1|angle=175|thrust=10000|target=1,1.0,175.0,10000.0,near_recoverable_crossing,no_window,near_recoverable_crossing,no_window,True,False,True,True,True,0,0,0,2.9016636040045847,3.037448426622083,-0.017960415068522723,-0.7254159010011462,,,,,,,,,,,11.049168197997707,False,False
phase29_baseline_phase22_burn_a,r0=1.02|angle=175|thrust=10000|target=1,1.02,175.0,10000.0,dead_geometry,no_window,dead_geometry,no_window,False,False,False,False,False,0,0,0,,,,,1.0200000812926666,0.08431890547719831,-0.39977899663123384,-0.593409226747675,-0.38777452777029264,0.634632419330701,0.22929927512410278,1.0258710643135707,True,,0.0,False,False
phase29_baseline_phase22_burn_a,r0=1.05|angle=175|thrust=10000|target=1,1.05,175.0,10000.0,dead_geometry,no_window,dead_geometry,no_window,False,False,False,False,False,0,0,0,,,,,1.0500001070476808,0.08108851107850956,-0.822846599917642,-0.8668030367814509,-0.8139889109496635,0.9671651260828504,0.017588826067992665,1.0537614774156536,True,,0.0,False,False
phase29_baseline_phase22_burn_a,r0=0.98|angle=150|thrust=12000|target=1,0.98,150.0,12000.0,dead_geometry,no_window,window_no_crossing,dead_window_no_crossing,False,False,False,False,False,1,0,1,,,,,0.9800004746278483,0.49122190808937666,0.3380044104897493,0.9907394273420841,0.3112449573341087,0.9920069107026686,0.8631312114914491,215.10623417007633,True,725794,0.0,False,False
phase29_baseline_phase22_burn_a,r0=1|angle=150|thrust=12000|target=1,1.0,150.0,12000.0,near_recoverable_crossing,no_window,near_recoverable_crossing,no_window,True,False,True,True,True,0,0,0,2.9011167539992284,3.0547866581952734,-0.019133667779626447,-0.7252791884998071,,,,,,,,,,,11.049441623000385,False,False
phase29_baseline_phase22_burn_a,r0=1.02|angle=150|thrust=12000|target=1,1.02,150.0,12000.0,dead_geometry,no_window,dead_geometry,no_window,False,False,False,False,False,0,0,0,,,,,1.0200004652279373,0.48149265683080356,-0.6057062410538858,-0.5734806724749166,-0.5978201824384914,0.8634186094843946,0.086802077016159,1.184265331046893,True,,0.0,False,False
phase29_baseline_phase22_burn_a,r0=1.05|angle=150|thrust=12000|target=1,1.05,150.0,12000.0,dead_geometry,no_window,dead_geometry,no_window,False,False,False,False,False,0,0,0,,,,,1.0500006110953937,0.460779548306913,-1.1085130529863896,-0.6806679213931279,-1.113938771947536,0.9890305837082886,0.006526819576956559,1.183476258688602,True,,0.0,False,False
phase29_baseline_phase22_burn_a,r0=0.98|angle=165|thrust=12000|target=1,0.98,165.0,12000.0,dead_geometry,no_window,window_no_crossing,dead_window_no_crossing,False,False,False,False,False,1,0,1,,,,,0.9800002456843638,0.254273184967324,0.43907181919228966,1.094766738485338,0.41029073636588825,,,,False,1402154,0.0,False,False
phase29_baseline_phase22_burn_a,r0=1|angle=165|thrust=12000|target=1,1.0,165.0,12000.0,crossing_bad_sync,no_window,crossing_bad_sync,no_window,True,False,False,True,True,0,0,0,3.604903096364507,3.621779577911722,-0.0069845823583089784,-0.9012257740911267,,,,,,,,,,,8.697548451817747,False,False
phase29_baseline_phase22_burn_a,r0=1.02|angle=165|thrust=12000|target=1,1.02,165.0,12000.0,dead_geometry,no_window,dead_geometry,no_window,False,False,False,False,False,0,0,0,,,,,1.0200002408185314,0.24923662816547834,-0.5069348099548513,-0.6555516723375356,-0.4970733874147136,0.7623993334561142,0.14351751776397798,1.064539007089834,True,,0.0,False,False
phase29_baseline_phase22_burn_a,r0=1.05|angle=165|thrust=12000|target=1,1.05,165.0,12000.0,dead_geometry,no_window,dead_geometry,no_window,False,False,False,False,False,0,0,0,,,,,1.05000031632325,0.23851265674960964,-1.011301898413173,-0.8477453105955539,-1.011866996908885,0.9998698865998006,7.041738894068149e-05,1.0823298401202355,True,,0.0,False,False
phase29_baseline_phase22_burn_a,r0=0.98|angle=170|thrust=12000|target=1,0.98,170.0,12000.0,dead_geometry,no_window,window_no_crossing,dead_window_no_crossing,False,False,False,False,False,1,0,1,,,,,0.9800001648356859,0.17059813038699786,0.45817638711950265,1.1145661147784065,0.42901309973661744,,,,False,2089892,0.0,False,False
phase29_baseline_phase22_burn_a,r0=1|angle=170|thrust=12000|target=1,1.0,170.0,12000.0,near_recoverable_crossing,no_window,near_recoverable_crossing,no_window,True,False,True,True,True,0,0,0,2.426890180940645,2.4531113690583384,-0.007154283714171683,-0.6067225452351612,,,,,,,,,,,11.286554909529677,False,False
phase29_baseline_phase22_burn_a,r0=1.02|angle=170|thrust=12000|target=1,1.02,170.0,12000.0,dead_geometry,no_window,dead_geometry,no_window,False,False,False,False,False,0,0,0,,,,,1.0200001615709862,0.16721868800975698,-0.48826790116392177,-0.670952172532682,-0.4780331765061405,0.7380719083768554,0.15675379339322265,1.0401685559571938,True,,0.0,False,False
phase29_baseline_phase22_burn_a,r0=1.05|angle=170|thrust=12000|target=1,1.05,170.0,12000.0,dead_geometry,no_window,dead_geometry,no_window,False,False,False,False,False,0,0,0,,,,,1.0500002122286762,0.1600233206126968,-0.9929314820885049,-0.8791040926812727,-0.9925780546927881,0.9999482431804503,2.7543348849694395e-05,1.0643094498968104,True,,0.0,False,False
phase29_baseline_phase22_burn_a,r0=0.98|angle=175|thrust=12000|target=1,0.98,175.0,12000.0,dead_geometry,no_window,window_no_crossing,dead_window_no_crossing,False,False,False,False,False,1,0,1,,,,,0.9800000827326932,0.08562508084953349,0.4696980581883014,1.1265278824703169,0.440304218616614,,,,False,4163886,0.0,False,False
phase29_baseline_phase22_burn_a,r0=1|angle=175|thrust=12000|target=1,1.0,175.0,12000.0,near_recoverable_crossing,no_window,near_recoverable_crossing,no_window,True,False,True,True,True,0,0,0,2.4555270465095096,2.584817383236934,-0.016145189110617915,-0.6138817616273774,,,,,,,,,,,11.272236476745245,False,False
phase29_baseline_phase22_burn_a,r0=1.02|angle=175|thrust=12000|target=1,1.02,175.0,12000.0,dead_geometry,no_window,dead_geometry,no_window,False,False,False,False,False,0,0,0,,,,,1.0200000810939593,0.08392844594425176,-0.47701075238282,-0.6802224206737376,-0.4665509250192077,0.7224005869378006,0.1652158724027068,1.0251027279157185,True,,0.0,False,False
phase29_baseline_phase22_burn_a,r0=1.05|angle=175|thrust=12000|target=1,1.05,175.0,12000.0,dead_geometry,no_window,dead_geometry,no_window,False,False,False,False,False,0,0,0,,,,,1.0500001065193554,0.08031674129105737,-0.9818532999116788,-0.8979816298738238,-0.9809459629742882,0.9996554035070224,0.00018155944586275394,1.0535694192361376,True,,0.0,False,False
phase29_crossing_family_targeted_burn_a,r0=0.98|angle=150|thrust=8000|target=1,0.98,150.0,8000.0,dead_geometry,no_window,window_no_crossing,dead_window_no_crossing,False,False,False,False,False,1,0,1,,,,,0.9800003633956039,0.49189437949303383,0.004796611682134559,0.21076074165270028,-0.015298955412836697,0.4844843509427496,0.6531804438324087,1.8809053594867067,True,724806,0.0,False,False
phase29_crossing_family_targeted_burn_a,r0=1|angle=150|thrust=8000|target=1,1.0,150.0,8000.0,crossing_bad_sync,no_window,crossing_bad_sync,no_window,True,False,False,True,True,0,0,0,3.120380097204119,3.134710956393185,-0.005988015668111895,-0.7800950243010297,,,,,,,,,,,8.93980995139794,False,False
phase29_crossing_family_targeted_burn_a,r0=1.02|angle=150|thrust=8000|target=1,1.02,150.0,8000.0,dead_geometry,no_window,dead_geometry,no_window,False,False,False,False,False,0,0,0,,,,,1.0200003437243466,0.44461377789937634,-0.25935482309768765,-0.2145469634048773,-0.24454166498186194,0.5539287330002441,0.3672737905080539,1.2794307505771036,True,,0.0,False,False
phase29_crossing_family_targeted_burn_a,r0=1.05|angle=150|thrust=8000|target=1,1.05,150.0,8000.0,dead_geometry,no_window,dead_geometry,no_window,False,False,False,False,False,0,0,0,,,,,1.0500004727240784,0.3956791431832233,-0.3374529996252399,-0.3092305351571404,-0.3043253364045818,0.605293772875355,0.30147954582900893,1.2261352983817166,True,,0.0,False,False
phase29_crossing_family_targeted_burn_a,r0=0.98|angle=165|thrust=8000|target=1,0.98,165.0,8000.0,dead_geometry,no_window,window_no_crossing,dead_window_no_crossing,False,False,False,False,False,1,0,1,,,,,0.9800001875045702,0.25284386955901605,0.10609572014421148,0.2465618284360559,0.08397401313932984,0.33868924356452945,0.8777239877065949,1.776773853633875,True,1410084,0.0,False,False
phase29_crossing_family_targeted_burn_a,r0=1|angle=165|thrust=8000|target=1,1.0,165.0,8000.0,near_recoverable_crossing,no_window,near_recoverable_crossing,no_window,True,False,True,True,True,0,0,0,2.988704842796222,3.1666781075799455,-0.020933166025926386,-0.7471762106990555,,,,,,,,,,,11.00564757860189,False,False
phase29_crossing_family_targeted_burn_a,r0=1.02|angle=165|thrust=8000|target=1,1.02,165.0,8000.0,dead_geometry,no_window,dead_geometry,no_window,False,False,False,False,False,0,0,0,,,,,1.0200001813342032,0.2406839827436264,-0.1732801798597597,-0.21938952457795696,-0.15674563354437504,0.3645806155168038,0.521096312274063,1.11906867166921,True,,0.0,False,False
phase29_crossing_family_targeted_burn_a,r0=1.05|angle=165|thrust=8000|target=1,1.05,165.0,8000.0,dead_geometry,no_window,dead_geometry,no_window,False,False,False,False,False,0,0,0,,,,,1.0500002498503718,0.21030723501161563,-0.30364915792576014,-0.37562782316297383,-0.2688314418385314,0.5143725332313572,0.35302242262884903,1.1008591915140016,True,,0.0,False,False
phase29_crossing_family_targeted_burn_a,r0=0.98|angle=170|thrust=8000|target=1,0.98,170.0,8000.0,dead_geometry,no_window,window_no_crossing,dead_window_no_crossing,False,False,False,False,False,1,0,1,,,,,0.9800001258532716,0.16974818963123534,0.1253324250619245,0.2543714503333011,0.10282591818745342,0.3052014299402734,0.9318293544021435,1.7504713714673446,True,2100360,0.0,False,False
phase29_crossing_family_targeted_burn_a,r0=1|angle=170|thrust=8000|target=1,1.0,170.0,8000.0,crossing_bad_sync,no_window,crossing_bad_sync,no_window,True,False,False,True,True,0,0,0,3.646547447633596,3.6602346470497937,-0.006324852049514541,-0.911636861908399,,,,,,,,,,,8.676726276183203,False,False
phase29_crossing_family_targeted_burn_a,r0=1.02|angle=170|thrust=8000|target=1,1.02,170.0,8000.0,dead_geometry,no_window,dead_geometry,no_window,False,False,False,False,False,0,0,0,,,,,1.0200001217200765,0.1617265310598996,-0.15513655377023583,-0.22083436611454116,-0.13823918200879728,0.3055645434427945,0.5688203705858426,1.0694034995082238,True,,0.0,False,False
phase29_crossing_family_targeted_burn_a,r0=1.05|angle=170|thrust=8000|target=1,1.05,170.0,8000.0,dead_geometry,no_window,dead_geometry,no_window,False,False,False,False,False,0,0,0,,,,,1.050000166922865,0.13926461770332557,-0.29285286980449204,-0.3853099044662386,-0.2574953952556918,0.4860663726690093,0.3709881995891814,1.0727320781277403,True,,0.0,False,False
phase29_crossing_family_targeted_burn_a,r0=0.98|angle=175|thrust=8000|target=1,0.98,175.0,8000.0,dead_geometry,no_window,window_no_crossing,dead_window_no_crossing,False,False,False,False,False,1,0,1,,,,,0.9800000634381875,0.08593413943325662,0.1369428099437284,0.2592074349801002,0.11420402587044501,0.2834477329858296,0.967277887022154,1.7325332266953197,True,4148915,0.0,False,False
phase29_crossing_family_targeted_burn_a,r0=1|angle=175|thrust=8000|target=1,1.0,175.0,8000.0,crossing_bad_sync,no_window,crossing_bad_sync,no_window,True,False,False,True,True,0,0,0,3.2703555545449374,3.2972025479901705,-0.00839807571601849,-0.8175888886362344,,,,,,,,,,,8.86482222272753,False,False
phase29_crossing_family_targeted_burn_a,r0=1.02|angle=175|thrust=8000|target=1,1.02,175.0,8000.0,dead_geometry,no_window,window_no_crossing,dead_window_no_crossing,False,False,False,False,False,1,0,1,,,,,1.020000060844718,0.08050607799767892,-0.14414049939400977,-0.22180748338930753,-0.12702325730736025,0.2624398942303013,0.6036631104302118,1.0332559845911886,True,,0.0,False,False
phase29_crossing_family_targeted_burn_a,r0=1.05|angle=175|thrust=8000|target=1,1.05,175.0,8000.0,dead_geometry,no_window,window_no_crossing,dead_window_no_crossing,False,False,False,False,False,1,0,1,,,,,1.0500000816743313,0.06523133458357565,-0.2852154441737486,-0.3895896683405783,-0.24947615800288556,0.4661153742368574,0.3842030765820945,1.0550707216956101,True,,0.0,False,False
phase29_crossing_family_targeted_burn_a,r0=0.98|angle=150|thrust=10000|target=1,0.98,150.0,10000.0,dead_geometry,no_window,window_no_crossing,dead_window_no_crossing,False,False,False,False,False,1,0,1,,,,,0.9800003619964093,0.48788468924248257,0.037211394658806275,0.2730233745214927,0.01646754223243067,0.49888194643069816,0.6893179725544244,2.0618021183887594,True,730763,0.0,False,False
phase29_crossing_family_targeted_burn_a,r0=1|angle=150|thrust=10000|target=1,1.0,150.0,10000.0,crossing_bad_sync,no_window,crossing_bad_sync,no_window,True,False,False,True,True,0,0,0,3.8282686212063286,3.828995307954149,-0.0014919024394221608,-0.9570671553015822,,,,,,,,,,,8.585865689396837,False,False
phase29_crossing_family_targeted_burn_a,r0=1.02|angle=150|thrust=10000|target=1,1.02,150.0,10000.0,dead_geometry,no_window,dead_geometry,no_window,False,False,False,False,False,0,0,0,,,,,1.0200003380128309,0.4284624777140962,-0.27594739662539663,-0.25295139668850125,-0.26146609981883445,0.5626720276554352,0.34903825758956375,1.2471928534383,True,,0.0,False,False
phase29_crossing_family_targeted_burn_a,r0=1.05|angle=150|thrust=10000|target=1,1.05,150.0,10000.0,dead_geometry,no_window,dead_geometry,no_window,False,False,False,False,False,0,0,0,,,,,1.0500004589385203,0.37154463796895226,-0.3477111796446491,-0.34123494905668034,-0.31509643926641556,0.6089632377439973,0.2915497859126228,1.1996132660244323,True,,0.0,False,False
phase29_crossing_family_targeted_burn_a,r0=0.98|angle=165|thrust=10000|target=1,0.98,165.0,10000.0,dead_geometry,no_window,window_no_crossing,dead_window_no_crossing,False,False,False,False,False,1,0,1,,,,,0.980000186559958,0.24999319734292846,0.13863303813289077,0.31816585621949384,0.11586058979356488,0.3886099887107695,0.8966843577227003,2.0365803053092426,True,1426164,0.0,False,False
phase29_crossing_family_targeted_burn_a,r0=1|angle=165|thrust=10000|target=1,1.0,165.0,10000.0,near_recoverable_crossing,no_window,crossing_bad_sync,no_window,True,False,False,True,True,0,0,0,3.7979517781608254,3.79942093563033,-0.0021129824297496515,-0.9494879445402064,,,,,,,,,,,8.601024110919587,False,False
phase29_crossing_family_targeted_burn_a,r0=1.02|angle=165|thrust=10000|target=1,1.02,165.0,10000.0,dead_geometry,no_window,dead_geometry,no_window,False,False,False,False,False,0,0,0,,,,,1.0200001795283957,0.23477223458489915,-0.20539599026237457,-0.27427043418827324,-0.18950376741363892,0.40364151475358456,0.46799993882484087,1.1015256079826745,True,,0.0,False,False
phase29_crossing_family_targeted_burn_a,r0=1.05|angle=165|thrust=10000|target=1,1.05,165.0,10000.0,dead_geometry,no_window,dead_geometry,no_window,False,False,False,False,False,0,0,0,,,,,1.0500002425578066,0.19527717301122405,-0.3310287815205193,-0.41910579929466857,-0.29758005833235396,0.5475600728127855,0.3188204342566204,1.090517756732417,True,,0.0,False,False
phase29_crossing_family_targeted_burn_a,r0=0.98|angle=170|thrust=10000|target=1,0.98,170.0,10000.0,dead_geometry,no_window,window_no_crossing,dead_window_no_crossing,False,False,False,False,False,1,0,1,,,,,0.9800001252250127,0.1678219044697533,0.15793797656168646,0.32816848342976773,0.1347793620332505,0.3672414702293104,0.9418410928397433,2.035095759140947,True,2124468,0.0,False,False
phase29_crossing_family_targeted_burn_a,r0=1|angle=170|thrust=10000|target=1,1.0,170.0,10000.0,crossing_bad_sync,no_window,crossing_bad_sync,no_window,True,False,False,True,True,0,0,0,7.4610975801887705,8.013550658069029,-0.1492219516037754,-0.7309675543558039,,,,,,,,,,,6.769451209905615,False,False
phase29_crossing_family_targeted_burn_a,r0=1.02|angle=170|thrust=10000|target=1,1.02,170.0,10000.0,dead_geometry,no_window,dead_geometry,no_window,False,False,False,False,False,0,0,0,,,,,1.020000120554391,0.15799352876716433,-0.18758288315943047,-0.2758005551114394,-0.17133444288216848,0.3520296116058625,0.5078931701338993,1.0597499790927467,True,,0.0,False,False
phase29_crossing_family_targeted_burn_a,r0=1.05|angle=170|thrust=10000|target=1,1.05,170.0,10000.0,dead_geometry,no_window,dead_geometry,no_window,False,False,False,False,False,0,0,0,,,,,1.050000161586342,0.12771628417418807,-0.32558220718233083,-0.4336108031224807,-0.29186120856474335,0.5301893446120097,0.32771143630106425,1.0673673365736194,True,,0.0,False,False
phase29_crossing_family_targeted_burn_a,r0=0.98|angle=175|thrust=10000|target=1,0.98,175.0,10000.0,dead_geometry,no_window,window_no_crossing,dead_window_no_crossing,False,False,False,False,False,1,0,1,,,,,0.980000063202796,0.08520434654212616,0.16959747840063233,0.33440184723781846,0.14620560275445038,0.3543241606069207,0.9700685567013279,2.0347474748638934,True,4184451,0.0,False,False
phase29_crossing_family_targeted_burn_a,r0=1|angle=175|thrust=10000|target=1,1.0,175.0,10000.0,near_recoverable_crossing,no_window,near_recoverable_crossing,no_window,True,False,True,True,True,0,0,0,2.9016636040045847,3.037448426622083,-0.017960415068522723,-0.7254159010011462,,,,,,,,,,,11.049168197997707,False,False
phase29_crossing_family_targeted_burn_a,r0=1.02|angle=175|thrust=10000|target=1,1.02,175.0,10000.0,dead_geometry,no_window,window_no_crossing,dead_window_no_crossing,False,False,False,False,False,1,0,1,,,,,1.0200000601887422,0.07842976668623991,-0.17673663523262131,-0.27687040195185325,-0.1602713183860874,0.3156297941065084,0.5359746806311335,1.0303549930325009,True,,0.0,False,False
phase29_crossing_family_targeted_burn_a,r0=1.05|angle=175|thrust=10000|target=1,1.05,175.0,10000.0,dead_geometry,no_window,window_no_crossing,dead_window_no_crossing,False,False,False,False,False,1,0,1,,,,,1.0500000781122236,0.057249715985818864,-0.32179047205898414,-0.44151606929130405,-0.2878799426854791,0.5186382294769682,0.33392743985135365,1.053500728731786,True,,0.0,False,False
phase29_crossing_family_targeted_burn_a,r0=0.98|angle=150|thrust=12000|target=1,0.98,150.0,12000.0,dead_geometry,no_window,window_no_crossing,dead_window_no_crossing,False,False,False,False,False,1,0,1,,,,,0.9800003605093183,0.48346849665231695,0.06957254157818478,0.3369116331706479,0.048181476337488906,0.5210327731323711,0.7223278990066984,2.2938613452161705,True,737438,0.0,False,False
phase29_crossing_family_targeted_burn_a,r0=1|angle=150|thrust=12000|target=1,1.0,150.0,12000.0,near_recoverable_crossing,no_window,near_recoverable_crossing,no_window,True,False,True,True,True,0,0,0,2.9011167539992284,3.0547866581952734,-0.019133667779626447,-0.7252791884998071,,,,,,,,,,,11.049441623000385,False,False
phase29_crossing_family_targeted_burn_a,r0=1.02|angle=150|thrust=12000|target=1,1.02,150.0,12000.0,dead_geometry,no_window,dead_geometry,no_window,False,False,False,False,False,0,0,0,,,,,1.0200003321800368,0.4128446214294075,-0.28654097170307735,-0.28131920866195614,-0.2722715541402927,0.5669460623750201,0.33797506093521007,1.2229162349102185,True,,0.0,False,False
phase29_crossing_family_targeted_burn_a,r0=1.05|angle=150|thrust=12000|target=1,1.05,150.0,12000.0,dead_geometry,no_window,dead_geometry,no_window,False,False,False,False,False,0,0,0,,,,,1.0500004454325618,0.34856633945924187,-0.3527529036288123,-0.36433379995637055,-0.32039026050532077,0.6081578488527747,0.2872040193974201,1.178712899221731,True,,0.0,False,False
phase29_crossing_family_targeted_burn_a,r0=0.98|angle=165|thrust=12000|target=1,0.98,165.0,12000.0,dead_geometry,no_window,window_no_crossing,dead_window_no_crossing,False,False,False,False,False,1,0,1,,,,,0.980000185522085,0.2466706331969284,0.17112464619897208,0.3915633980291234,0.1477023705444788,0.4455947645223569,0.9111963903581531,2.3759168331420533,True,1445374,0.0,False,False
phase29_crossing_family_targeted_burn_a,r0=1|angle=165|thrust=12000|target=1,1.0,165.0,12000.0,crossing_bad_sync,no_window,crossing_bad_sync,no_window,True,False,False,True,True,0,0,0,3.604903096364507,3.621779577911722,-0.0069845823583089784,-0.9012257740911267,,,,,,,,,,,8.697548451817747,False,False
phase29_crossing_family_targeted_burn_a,r0=1.02|angle=165|thrust=12000|target=1,1.02,165.0,12000.0,dead_geometry,no_window,dead_geometry,no_window,False,False,False,False,False,0,0,0,,,,,1.0200001774168896,0.22709052312364586,-0.23712253444235082,-0.3272318395221656,-0.2218648497838508,0.4431350476564657,0.4195687111786126,1.087327025078021,True,,0.0,False,False
phase29_crossing_family_targeted_burn_a,r0=1.05|angle=165|thrust=12000|target=1,1.05,165.0,12000.0,dead_geometry,no_window,dead_geometry,no_window,False,False,False,False,False,0,0,0,,,,,1.050000234999436,0.1809346547798895,-0.3447624477855411,-0.44268787932685555,-0.31200041619436303,0.5631280268741041,0.30281807963184393,1.0834831631104052,True,,0.0,False,False
phase29_crossing_family_targeted_burn_a,r0=0.98|angle=170|thrust=12000|target=1,0.98,170.0,12000.0,dead_geometry,no_window,window_no_crossing,dead_window_no_crossing,False,False,False,False,False,1,0,1,,,,,0.980000124526915,0.16553182060639374,0.19051947096322455,0.40392132716819995,0.16670922979567693,0.4342942496676067,0.9490454467107274,2.4062163520356856,True,2153860,0.0,False,False
phase29_crossing_family_targeted_burn_a,r0=1|angle=170|thrust=12000|target=1,1.0,170.0,12000.0,near_recoverable_crossing,no_window,near_recoverable_crossing,no_window,True,False,True,True,True,0,0,0,2.426890180940645,2.4531113690583384,-0.007154283714171683,-0.6067225452351612,,,,,,,,,,,11.286554909529677,False,False
phase29_crossing_family_targeted_burn_a,r0=1.02|angle=170|thrust=12000|target=1,1.02,170.0,12000.0,dead_geometry,no_window,dead_geometry,no_window,False,False,False,False,False,0,0,0,,,,,1.0200001192154533,0.15328859089883662,-0.2198989268522316,-0.3287290081271223,-0.2042968123891732,0.39840153342223705,0.4527623487544172,1.0524354664261601,True,,0.0,False,False
phase29_crossing_family_targeted_burn_a,r0=1.05|angle=170|thrust=12000|target=1,1.05,170.0,12000.0,dead_geometry,no_window,dead_geometry,no_window,False,False,False,False,False,0,0,0,,,,,1.050000155963551,0.1166947598851455,-0.342090162559315,-0.45829860064899003,-0.3091945680773263,0.5514364850674642,0.307593736106522,1.063867498999879,True,,0.0,False,False
phase29_crossing_family_targeted_burn_a,r0=0.98|angle=175|thrust=12000|target=1,0.98,175.0,12000.0,dead_geometry,no_window,window_no_crossing,dead_window_no_crossing,False,False,False,False,False,1,0,1,,,,,0.9800000629390769,0.08432389216285188,0.20224834343970147,0.4116954026308428,0.17820345223930845,0.428178823233125,0.9719814859921299,2.427617988402277,True,4228143,0.0,False,False
phase29_crossing_family_targeted_burn_a,r0=1|angle=175|thrust=12000|target=1,1.0,175.0,12000.0,near_recoverable_crossing,no_window,near_recoverable_crossing,no_window,True,False,True,True,True,0,0,0,2.4555270465095096,2.584817383236934,-0.016145189110617915,-0.6138817616273774,,,,,,,,,,,11.272236476745245,False,False
phase29_crossing_family_targeted_burn_a,r0=1.02|angle=175|thrust=12000|target=1,1.02,175.0,12000.0,dead_geometry,no_window,window_no_crossing,dead_window_no_crossing,False,False,False,False,False,1,0,1,,,,,1.0200000594421323,0.07585399501012949,-0.2092961515954603,-0.32981779501690744,-0.19348202762624686,0.3674122619319555,0.47569504667366985,1.0282703894141905,True,,0.0,False,False
phase29_crossing_family_targeted_burn_a,r0=1.05|angle=175|thrust=12000|target=1,1.05,175.0,12000.0,dead_geometry,no_window,window_no_crossing,dead_window_no_crossing,False,False,False,False,False,1,0,1,,,,,1.0500000742964906,0.049604939633686757,-0.3403100318822033,-0.4671102659123792,-0.30732548446366414,0.5441355083201825,0.31072271953350455,1.0525013314932414,True,,0.0,False,False
phase29_angular_momentum_targeted_burn_a,r0=0.98|angle=150|thrust=8000|target=1,0.98,150.0,8000.0,dead_geometry,no_window,window_no_crossing,dead_window_no_crossing,False,False,False,False,False,1,0,1,,,,,0.9800004659448461,0.45718107362029475,0.02040767802823298,0.20943100723863337,-7.863320663837619e-11,0.4576363265333767,0.6860421777639031,1.8437813016698525,True,779836,0.0,False,False
phase29_angular_momentum_targeted_burn_a,r0=1|angle=150|thrust=8000|target=1,1.0,150.0,8000.0,crossing_bad_sync,no_window,crossing_bad_sync,no_window,True,False,False,True,True,0,0,0,3.120380097204119,3.134710956393185,-0.005988015668111895,-0.7800950243010297,,,,,,,,,,,8.93980995139794,False,False
phase29_angular_momentum_targeted_burn_a,r0=1.02|angle=150|thrust=8000|target=1,1.02,150.0,8000.0,dead_geometry,no_window,dead_geometry,no_window,False,False,False,False,False,0,0,0,,,,,1.020000452778343,0.44121197303312853,-0.01960827833347053,0.19505248972698708,-7.606070676764966e-16,0.4416474722298185,0.6936508538063629,1.7909832055270996,True,,0.0,False,False
phase29_angular_momentum_targeted_burn_a,r0=1.05|angle=150|thrust=8000|target=1,1.05,150.0,8000.0,dead_geometry,no_window,dead_geometry,no_window,False,False,False,False,False,0,0,0,,,,,1.0500005729909416,0.39528809789933456,-0.047619567338438654,0.1585203035343741,2.535356892254989e-16,0.3981460831583976,0.715232844439982,1.6615327607200459,True,,0.0,False,False
phase29_angular_momentum_targeted_burn_a,r0=0.98|angle=165|thrust=8000|target=1,0.98,165.0,8000.0,dead_geometry,no_window,window_no_crossing,dead_window_no_crossing,False,False,False,False,False,1,0,1,,,,,0.980000230104543,0.2215201998029794,0.02040792367296027,0.04948768226939316,0.0,0.22245827084959838,0.8180238326703849,1.2861046070063304,True,1609472,0.0,False,False
phase29_angular_momentum_targeted_burn_a,r0=1|angle=165|thrust=8000|target=1,1.0,165.0,8000.0,near_recoverable_crossing,no_window,near_recoverable_crossing,no_window,True,False,True,True,True,0,0,0,2.988704842796222,3.1666781075799455,-0.020933166025926386,-0.7471762106990555,,,,,,,,,,,11.00564757860189,False,False
phase29_angular_momentum_targeted_burn_a,r0=1.02|angle=165|thrust=8000|target=1,1.02,165.0,8000.0,dead_geometry,no_window,dead_geometry,no_window,False,False,False,False,False,0,0,0,,,,,1.020000223439582,0.2149824227763223,-0.01960805790035826,0.04660191803740114,2.535356892254989e-16,0.215874773971858,0.8224531188630005,1.2753065031019812,True,,0.0,False,False
phase29_angular_momentum_targeted_burn_a,r0=1.05|angle=165|thrust=8000|target=1,1.05,165.0,8000.0,dead_geometry,no_window,dead_geometry,no_window,False,False,False,False,False,0,0,0,,,,,1.0500002876970964,0.19797680092015518,-0.047619308568723685,0.04146241225114166,-2.535356892254989e-16,0.2036232114743855,0.8308247884111867,1.2556870245444574,True,,0.0,False,False
phase29_angular_momentum_targeted_burn_a,r0=0.98|angle=170|thrust=8000|target=1,0.98,170.0,8000.0,dead_geometry,no_window,window_no_crossing,dead_window_no_crossing,False,False,False,False,False,1,0,1,,,,,0.9800001529604256,0.14717091933770285,0.020408003997915855,0.022075766125883505,1.2676784461274944e-16,0.14857915777754038,0.8706409072710013,1.1745073063864695,True,2422570,0.0,False,False
phase29_angular_momentum_targeted_burn_a,r0=1|angle=170|thrust=8000|target=1,1.0,170.0,8000.0,crossing_bad_sync,no_window,crossing_bad_sync,no_window,True,False,False,True,True,0,0,0,3.646547447633596,3.6602346470497937,-0.006324852049514541,-0.911636861908399,,,,,,,,,,,8.676726276183203,False,False
phase29_angular_momentum_targeted_burn_a,r0=1.02|angle=170|thrust=8000|target=1,1.02,170.0,8000.0,dead_geometry,no_window,dead_geometry,no_window,False,False,False,False,False,0,0,0,,,,,1.020000149257691,0.14360831196747523,-0.019607986599067,0.02100782040461649,-2.535356892254989e-16,0.14494074790967865,0.8734076429943664,1.1695095954524188,True,,0.0,False,False
phase29_angular_momentum_targeted_burn_a,r0=1.05|angle=170|thrust=8000|target=1,1.05,170.0,8000.0,dead_geometry,no_window,dead_geometry,no_window,False,False,False,False,False,0,0,0,,,,,1.0500001930231635,0.13282757632145278,-0.047619222696714814,0.019910755401670834,0.0,0.1411054761576283,0.8763431785177616,1.1642873161262866,True,,0.0,False,False
phase29_angular_momentum_targeted_burn_a,r0=0.98|angle=175|thrust=8000|target=1,0.98,175.0,8000.0,dead_geometry,no_window,window_no_crossing,dead_window_no_crossing,False,False,False,False,False,1,0,1,,,,,0.9800000764274793,0.07353474034410167,0.020408083686512455,0.005823847917229886,-1.2676784461274944e-16,0.07631413969396572,0.9290967786452524,1.082619148969847,True,4848500,0.0,False,False
phase29_angular_momentum_targeted_burn_a,r0=1|angle=175|thrust=8000|target=1,1.0,175.0,8000.0,crossing_bad_sync,no_window,crossing_bad_sync,no_window,True,False,False,True,True,0,0,0,3.2703555545449374,3.2972025479901705,-0.00839807571601849,-0.8175888886362344,,,,,,,,,,,8.86482222272753,False,False
phase29_angular_momentum_targeted_burn_a,r0=1.02|angle=175|thrust=8000|target=1,1.02,175.0,8000.0,dead_geometry,no_window,window_no_crossing,dead_window_no_crossing,False,False,False,False,False,1,0,1,,,,,1.0200000749138989,0.07207842798555653,-0.019607915142150188,0.005579770117090822,2.535356892254989e-16,0.07469785885211386,0.9304940842332204,1.0807280730588689,True,,0.0,False,False
phase29_angular_momentum_targeted_burn_a,r0=1.05|angle=175|thrust=8000|target=1,1.05,175.0,8000.0,dead_geometry,no_window,window_no_crossing,dead_window_no_crossing,False,False,False,False,False,1,0,1,,,,,1.0500000968802075,0.06666745328243559,-0.047619135492243635,0.006712131392194134,0.0,0.081927598476913,0.9242762652581865,1.089238711828168,True,,0.0,False,False
phase29_angular_momentum_targeted_burn_a,r0=0.98|angle=150|thrust=10000|target=1,0.98,150.0,10000.0,dead_geometry,no_window,window_no_crossing,dead_window_no_crossing,False,False,False,False,False,1,0,1,,,,,0.9800004574678037,0.43745475565346686,0.02040768759617634,0.19178313827913518,6.479166654401484e-10,0.43793051644275804,0.6954438965310338,1.7791394668271328,True,815002,0.0,False,False
phase29_angular_momentum_targeted_burn_a,r0=1|angle=150|thrust=10000|target=1,1.0,150.0,10000.0,crossing_bad_sync,no_window,crossing_bad_sync,no_window,True,False,False,True,True,0,0,0,3.8282686212063286,3.828995307954149,-0.0014919024394221608,-0.9570671553015822,,,,,,,,,,,8.585865689396837,False,False
phase29_angular_momentum_targeted_burn_a,r0=1.02|angle=150|thrust=10000|target=1,1.02,150.0,10000.0,dead_geometry,no_window,dead_geometry,no_window,False,False,False,False,False,0,0,0,,,,,1.0200004443022126,0.4227043736158014,-0.019608270746714253,0.17906347063514558,-5.714340752856274e-10,0.42315891999740224,0.7026622148838846,1.733579721563222,True,,0.0,False,False
phase29_angular_momentum_targeted_burn_a,r0=1.05|angle=150|thrust=10000|target=1,1.05,150.0,10000.0,dead_geometry,no_window,dead_geometry,no_window,False,False,False,False,False,0,0,0,,,,,1.0500005567124753,0.3722819288360792,-0.047619552573389116,0.14086145632523475,1.762073040117217e-14,0.3753151426803943,0.7271060784302164,1.6008071722609531,True,,0.0,False,False
phase29_angular_momentum_targeted_burn_a,r0=0.98|angle=165|thrust=10000|target=1,0.98,165.0,10000.0,dead_geometry,no_window,window_no_crossing,dead_window_no_crossing,False,False,False,False,False,1,0,1,,,,,0.9800002250302942,0.2118691997733101,0.02040792895644613,0.04530504137690188,1.356415937356419e-14,0.21284980943584594,0.824504396356524,1.2704055871260385,True,1682786,0.0,False,False
phase29_angular_momentum_targeted_burn_a,r0=1|angle=165|thrust=10000|target=1,1.0,165.0,10000.0,near_recoverable_crossing,no_window,crossing_bad_sync,no_window,True,False,False,True,True,0,0,0,3.7979517781608254,3.79942093563033,-0.0021129824297496515,-0.9494879445402064,,,,,,,,,,,8.601024110919587,False,False
phase29_angular_momentum_targeted_burn_a,r0=1.02|angle=165|thrust=10000|target=1,1.02,165.0,10000.0,dead_geometry,no_window,dead_geometry,no_window,False,False,False,False,False,0,0,0,,,,,1.0200002185510302,0.20568593893683917,-0.019608053201727954,0.042691181226509306,-9.254052656730708e-14,0.20661844357822118,0.8287624023335162,1.2604275860783851,True,,0.0,False,False
phase29_angular_momentum_targeted_burn_a,r0=1.05|angle=165|thrust=10000|target=1,1.05,165.0,10000.0,dead_geometry,no_window,dead_geometry,no_window,False,False,False,False,False,0,0,0,,,,,1.0500002790305905,0.18620507782813434,-0.047619300707951256,0.03693992880889586,-1.2676784461274944e-16,0.19219762956107495,0.8387871064365097,1.2379265481192423,True,,0.0,False,False
phase29_angular_momentum_targeted_burn_a,r0=0.98|angle=170|thrust=10000|target=1,0.98,170.0,10000.0,dead_geometry,no_window,window_no_crossing,dead_window_no_crossing,False,False,False,False,False,1,0,1,,,,,0.980000149618888,0.14081153963347207,0.020408007477231385,0.020244376463135993,-1.9015176691912415e-15,0.1422827342411574,0.8754400027453074,1.1658853563070957,True,2531979,0.0,False,False
phase29_angular_momentum_targeted_burn_a,r0=1|angle=170|thrust=10000|target=1,1.0,170.0,10000.0,crossing_bad_sync,no_window,crossing_bad_sync,no_window,True,False,False,True,True,0,0,0,7.4610975801887705,8.013550658069029,-0.1492219516037754,-0.7309675543558039,,,,,,,,,,,6.769451209905615,False,False
phase29_angular_momentum_targeted_burn_a,r0=1.02|angle=170|thrust=10000|target=1,1.02,170.0,10000.0,dead_geometry,no_window,dead_geometry,no_window,False,False,False,False,False,0,0,0,,,,,1.0200001458310854,0.13724668715160887,-0.019607983305506987,0.019221126143429322,1.4831837819691684e-14,0.13864027605064957,0.8782404952936577,1.1609551412678212,True,,0.0,False,False
phase29_angular_momentum_targeted_burn_a,r0=1.05|angle=170|thrust=10000|target=1,1.05,170.0,10000.0,dead_geometry,no_window,dead_geometry,no_window,False,False,False,False,False,0,0,0,,,,,1.0500001872085873,0.12492963277711433,-0.04761921742272488,0.017875003013777133,-2.535356892254989e-16,0.13369743084209865,0.8820695652959272,1.154331102783246,True,,0.0,False,False
phase29_angular_momentum_targeted_burn_a,r0=0.98|angle=175|thrust=10000|target=1,0.98,175.0,10000.0,dead_geometry,no_window,window_no_crossing,dead_window_no_crossing,False,False,False,False,False,1,0,1,,,,,0.9800000746728841,0.07027726662810976,0.020408085513454924,0.00535538415904367,5.070713784509978e-16,0.07318049028971245,0.9318097086633061,1.078958728774051,True,5073237,0.0,False,False
phase29_angular_momentum_targeted_burn_a,r0=1|angle=175|thrust=10000|target=1,1.0,175.0,10000.0,near_recoverable_crossing,no_window,near_recoverable_crossing,no_window,True,False,True,True,True,0,0,0,2.9016636040045847,3.037448426622083,-0.017960415068522723,-0.7254159010011462,,,,,,,,,,,11.049168197997707,False,False
phase29_angular_momentum_targeted_burn_a,r0=1.02|angle=175|thrust=10000|target=1,1.02,175.0,10000.0,dead_geometry,no_window,window_no_crossing,dead_window_no_crossing,False,False,False,False,False,1,0,1,,,,,1.0200000731940515,0.06888546540190382,-0.019607913489103734,0.00512967761499999,-1.6986891178108425e-14,0.07162176774580338,0.9331650682157228,1.0771471855515877,True,,0.0,False,False
phase29_angular_momentum_targeted_burn_a,r0=1.05|angle=175|thrust=10000|target=1,1.05,175.0,10000.0,dead_geometry,no_window,window_no_crossing,dead_window_no_crossing,False,False,False,False,False,1,0,1,,,,,1.050000093961814,0.06270339752689605,-0.04761913284517528,0.0061992978743416844,-2.535356892254989e-16,0.07873562011149876,0.9270111984404843,1.085464739362904,True,,0.0,False,False
phase29_angular_momentum_targeted_burn_a,r0=0.98|angle=150|thrust=12000|target=1,0.98,150.0,12000.0,dead_geometry,no_window,window_no_crossing,dead_window_no_crossing,False,False,False,False,False,1,0,1,,,,,0.9800004488518206,0.41886245047889414,0.020407494774235844,0.17586181600006953,-1.971094871308847e-07,0.41935920270210714,0.7045430105904931,1.7222344871988442,True,851178,0.0,False,False
phase29_angular_momentum_targeted_burn_a,r0=1|angle=150|thrust=12000|target=1,1.0,150.0,12000.0,near_recoverable_crossing,no_window,near_recoverable_crossing,no_window,True,False,True,True,True,0,0,0,2.9011167539992284,3.0547866581952734,-0.019133667779626447,-0.7252791884998071,,,,,,,,,,,11.049441623000385,False,False
phase29_angular_momentum_targeted_burn_a,r0=1.02|angle=150|thrust=12000|target=1,1.02,150.0,12000.0,dead_geometry,no_window,dead_geometry,no_window,False,False,False,False,False,0,0,0,,,,,1.020000435464427,0.4045234070763274,-0.01960823100056963,0.1640237309782498,3.130515899256288e-08,0.4049983686849974,0.7117446431957533,1.6806677662382812,True,,0.0,False,False
phase29_angular_momentum_targeted_burn_a,r0=1.05|angle=150|thrust=12000|target=1,1.05,150.0,12000.0,dead_geometry,no_window,dead_geometry,no_window,False,False,False,False,False,0,0,0,,,,,1.0500005401053434,0.3499218630723955,-0.047619549773678674,0.12471290724987313,-1.2876592515221755e-08,0.3531471786540329,0.7390178910482664,1.5459466840788012,True,,0.0,False,False
phase29_angular_momentum_targeted_burn_a,r0=0.98|angle=165|thrust=12000|target=1,0.98,165.0,12000.0,dead_geometry,no_window,window_no_crossing,dead_window_no_crossing,False,False,False,False,False,1,0,1,,,,,0.9800002202937977,0.20283528937705622,0.02040793696532535,0.04155864466205455,3.015558558361868e-09,0.2038593605444265,0.8306618188181739,1.2560594905881821,True,1757735,0.0,False,False
phase29_angular_momentum_targeted_burn_a,r0=1|angle=165|thrust=12000|target=1,1.0,165.0,12000.0,crossing_bad_sync,no_window,crossing_bad_sync,no_window,True,False,False,True,True,0,0,0,3.604903096364507,3.621779577911722,-0.0069845823583089784,-0.9012257740911267,,,,,,,,,,,8.697548451817747,False,False
phase29_angular_momentum_targeted_burn_a,r0=1.02|angle=165|thrust=12000|target=1,1.02,165.0,12000.0,dead_geometry,no_window,dead_geometry,no_window,False,False,False,False,False,0,0,0,,,,,1.0200002137936643,0.1967685566579022,-0.019608058748786322,0.03910232061757225,-1.0322176331064928e-08,0.1977431173383359,0.8349035489161316,1.2464835154021079,True,,0.0,False,False
phase29_angular_momentum_targeted_burn_a,r0=1.05|angle=165|thrust=12000|target=1,1.05,165.0,12000.0,dead_geometry,no_window,dead_geometry,no_window,False,False,False,False,False,0,0,0,,,,,1.0500002706875675,0.17510461444781472,-0.04761929228986775,0.032929224700545365,8.932559261365207e-10,0.1814641093243015,0.8464074311647335,1.2216935300919003,True,,0.0,False,False
phase29_angular_momentum_targeted_burn_a,r0=0.98|angle=170|thrust=12000|target=1,0.98,170.0,12000.0,dead_geometry,no_window,window_no_crossing,dead_window_no_crossing,False,False,False,False,False,1,0,1,,,,,0.9800001463669534,0.13471128603796623,0.020408009180365307,0.01856361405893253,-1.6492305164673336e-09,0.13624836621465303,0.8800892713562108,1.1577402086281336,True,2646638,0.0,False,False
phase29_angular_momentum_targeted_burn_a,r0=1|angle=170|thrust=12000|target=1,1.0,170.0,12000.0,near_recoverable_crossing,no_window,near_recoverable_crossing,no_window,True,False,True,True,True,0,0,0,2.426890180940645,2.4531113690583384,-0.007154283714171683,-0.6067225452351612,,,,,,,,,,,11.286554909529677,False,False
phase29_angular_momentum_targeted_burn_a,r0=1.02|angle=170|thrust=12000|target=1,1.02,170.0,12000.0,dead_geometry,no_window,dead_geometry,no_window,False,False,False,False,False,0,0,0,,,,,1.0200001424986311,0.1311509909826595,-0.01960797321290768,0.017585068828379322,7.027355943859694e-09,0.13260865364228921,0.8829175115684229,1.1528821658803055,True,,0.0,False,False
phase29_angular_momentum_targeted_burn_a,r0=1.05|angle=170|thrust=12000|target=1,1.05,170.0,12000.0,dead_geometry,no_window,dead_geometry,no_window,False,False,False,False,False,0,0,0,,,,,1.0500001816110445,0.11748205426470429,-0.04761921310533846,0.016069621011529495,-7.977359749172802e-10,0.12676601508828395,0.8874957045329205,1.1451684378793707,True,,0.0,False,False
phase29_angular_momentum_targeted_burn_a,r0=0.98|angle=175|thrust=12000|target=1,0.98,175.0,12000.0,dead_geometry,no_window,window_no_crossing,dead_window_no_crossing,False,False,False,False,False,1,0,1,,,,,0.9800000729664988,0.06715596173709162,0.02040808914305988,0.004926417005027412,1.8158043516633986e-09,0.07018841351184409,0.9344149039607794,1.0754867095263356,True,5309034,0.0,False,False
phase29_angular_momentum_targeted_burn_a,r0=1|angle=175|thrust=12000|target=1,1.0,175.0,12000.0,near_recoverable_crossing,no_window,near_recoverable_crossing,no_window,True,False,True,True,True,0,0,0,2.4555270465095096,2.584817383236934,-0.016145189110617915,-0.6138817616273774,,,,,,,,,,,11.272236476745245,False,False
phase29_angular_momentum_targeted_burn_a,r0=1.02|angle=175|thrust=12000|target=1,1.02,175.0,12000.0,dead_geometry,no_window,window_no_crossing,dead_window_no_crossing,False,False,False,False,False,1,0,1,,,,,1.0200000715214594,0.06582597510305051,-0.019607919683657687,0.0047175139081606305,-7.958258497114398e-09,0.06868427585402119,0.9357300436411398,1.073749705021343,True,,0.0,False,False
phase29_angular_momentum_targeted_burn_a,r0=1.05|angle=175|thrust=12000|target=1,1.05,175.0,12000.0,dead_geometry,no_window,window_no_crossing,dead_window_no_crossing,False,False,False,False,False,1,0,1,,,,,1.0500000911523515,0.058965384527914166,-0.047619132027862186,0.005744494845707759,-1.817499618049405e-09,0.07579246967757311,0.9295473100538729,1.082008059397798,True,,0.0,False,False
phase29_energy_angular_momentum_balanced_burn_a,r0=0.98|angle=150|thrust=8000|target=1,0.98,150.0,8000.0,dead_geometry,no_window,window_no_crossing,dead_window_no_crossing,False,False,False,False,False,1,0,1,,,,,0.9800004891029788,0.4095051044120124,-0.032322861407068075,0.06327816710392486,-0.051675930885155735,0.3969744183133204,0.6437616382040521,1.4913439286391739,True,870626,0.0,False,False
phase29_energy_angular_momentum_balanced_burn_a,r0=1|angle=150|thrust=8000|target=1,1.0,150.0,8000.0,crossing_bad_sync,no_window,crossing_bad_sync,no_window,True,False,False,True,True,0,0,0,3.120380097204119,3.134710956393185,-0.005988015668111895,-0.7800950243010297,,,,,,,,,,,8.93980995139794,False,False
phase29_energy_angular_momentum_balanced_burn_a,r0=1.02|angle=150|thrust=8000|target=1,1.02,150.0,8000.0,dead_geometry,no_window,dead_geometry,no_window,False,False,False,False,False,0,0,0,,,,,1.0200004691993274,0.38771080563746635,-0.06736620219673353,0.05934205784658331,-0.04871308864951769,0.38568720087323727,0.6530671475759159,1.4731042377647183,True,,0.0,False,False
phase29_energy_angular_momentum_balanced_burn_a,r0=1.05|angle=150|thrust=8000|target=1,1.05,150.0,8000.0,dead_geometry,no_window,dead_geometry,no_window,False,False,False,False,False,0,0,0,,,,,1.0500005694354801,0.33720730896143997,-0.08452602753526967,0.04704049170443823,-0.038751807608671994,0.34564032893820856,0.6866605195347301,1.4120645391796187,True,,0.0,False,False
phase29_energy_angular_momentum_balanced_burn_a,r0=0.98|angle=165|thrust=8000|target=1,0.98,165.0,8000.0,dead_geometry,no_window,window_no_crossing,dead_window_no_crossing,False,False,False,False,False,1,0,1,,,,,0.9800002481525157,0.20839689455314558,0.006851913202861715,0.016364231018001617,-0.013284875208360216,0.20573183535960152,0.8074819864088681,1.225790961838912,True,1710823,0.0,False,False
phase29_energy_angular_momentum_balanced_burn_a,r0=1|angle=165|thrust=8000|target=1,1.0,165.0,8000.0,near_recoverable_crossing,no_window,near_recoverable_crossing,no_window,True,False,True,True,True,0,0,0,2.988704842796222,3.1666781075799455,-0.020933166025926386,-0.7471762106990555,,,,,,,,,,,11.00564757860189,False,False
phase29_energy_angular_momentum_balanced_burn_a,r0=1.02|angle=165|thrust=8000|target=1,1.02,165.0,8000.0,dead_geometry,no_window,dead_geometry,no_window,False,False,False,False,False,0,0,0,,,,,1.020000237259937,0.19475829186314947,-0.03162644218001346,0.014894282102482935,-0.012258741267364408,0.19722716816543778,0.814910336271215,1.2153286154105831,True,,0.0,False,False
phase29_energy_angular_momentum_balanced_burn_a,r0=1.05|angle=165|thrust=8000|target=1,1.05,165.0,8000.0,dead_geometry,no_window,dead_geometry,no_window,False,False,False,False,False,0,0,0,,,,,1.0500002886806714,0.16722924769346212,-0.05717871731266305,0.012116211294025347,-0.010037381004015378,0.17846068172808424,0.8316153455135114,1.1929142832394746,True,,0.0,False,False
phase29_energy_angular_momentum_balanced_burn_a,r0=0.98|angle=170|thrust=8000|target=1,0.98,170.0,8000.0,dead_geometry,no_window,window_no_crossing,dead_window_no_crossing,False,False,False,False,False,1,0,1,,,,,0.9800001667746281,0.14080919407565623,0.014175232341832029,0.007562651803605365,-0.006108103166307416,0.14017647609880549,0.8663756210543611,1.1488649416216596,True,2532019,0.0,False,False
phase29_energy_angular_momentum_balanced_burn_a,r0=1|angle=170|thrust=8000|target=1,1.0,170.0,8000.0,crossing_bad_sync,no_window,crossing_bad_sync,no_window,True,False,False,True,True,0,0,0,3.646547447633596,3.6602346470497937,-0.006324852049514541,-0.911636861908399,,,,,,,,,,,8.676726276183203,False,False
phase29_energy_angular_momentum_balanced_burn_a,r0=1.02|angle=170|thrust=8000|target=1,1.02,170.0,8000.0,dead_geometry,no_window,dead_geometry,no_window,False,False,False,False,False,0,0,0,,,,,1.02000015832897,0.12920285900808537,-0.024959930999966254,0.006612505567642556,-0.005458975242875707,0.13201764158512733,0.8737601019538263,1.1395529417571197,True,,0.0,False,False
phase29_energy_angular_momentum_balanced_burn_a,r0=1.05|angle=170|thrust=8000|target=1,1.05,170.0,8000.0,dead_geometry,no_window,dead_geometry,no_window,False,False,False,False,False,0,0,0,,,,,1.050000190119326,0.10755700832517912,-0.05199026597016237,0.005529405980885149,-0.004589599033698665,0.12098305910343395,0.8839044072123368,1.127215893406183,True,,0.0,False,False
phase29_energy_angular_momentum_balanced_burn_a,r0=0.98|angle=175|thrust=8000|target=1,0.98,175.0,8000.0,dead_geometry,no_window,window_no_crossing,dead_window_no_crossing,False,False,False,False,False,1,0,1,,,,,0.9800000849994416,0.0728915170473213,0.018656319814507723,0.0021577216332847584,-0.001716719996564122,0.07470483552085216,0.9272960111428493,1.0770287637841391,True,4891283,0.0,False,False
phase29_energy_angular_momentum_balanced_burn_a,r0=1|angle=175|thrust=8000|target=1,1.0,175.0,8000.0,crossing_bad_sync,no_window,crossing_bad_sync,no_window,True,False,False,True,True,0,0,0,3.2703555545449374,3.2972025479901705,-0.00839807571601849,-0.8175888886362344,,,,,,,,,,,8.86482222272753,False,False
phase29_energy_angular_momentum_balanced_burn_a,r0=1.02|angle=175|thrust=8000|target=1,1.02,175.0,8000.0,dead_geometry,no_window,window_no_crossing,dead_window_no_crossing,False,False,False,False,False,1,0,1,,,,,1.0200000781732534,0.0626302183530288,-0.020959258933830337,0.0016591534682221208,-0.001378367577707001,0.06640344894645084,0.9351481052757188,1.0681757163909715,True,,0.0,False,False
phase29_energy_angular_momentum_balanced_burn_a,r0=1.05|angle=175|thrust=8000|target=1,1.05,175.0,8000.0,dead_geometry,no_window,window_no_crossing,dead_window_no_crossing,False,False,False,False,False,1,0,1,,,,,1.0500000900286326,0.046958848195580036,-0.0490213149623373,0.0018038513751461546,-0.0014722950951436304,0.06885467463902459,0.9328280084467871,1.0707862138233175,True,,0.0,False,False
phase29_energy_angular_momentum_balanced_burn_a,r0=0.98|angle=150|thrust=10000|target=1,0.98,150.0,10000.0,dead_geometry,no_window,window_no_crossing,dead_window_no_crossing,False,False,False,False,False,1,0,1,,,,,0.9800004753532632,0.3861679557496425,-0.026400678847073356,0.056205991573041784,-0.04587220246651754,0.37524368649949613,0.6619625764967492,1.457143904517517,True,923241,0.0,False,False
phase29_energy_angular_momentum_balanced_burn_a,r0=1|angle=150|thrust=10000|target=1,1.0,150.0,10000.0,crossing_bad_sync,no_window,crossing_bad_sync,no_window,True,False,False,True,True,0,0,0,3.8282686212063286,3.828995307954149,-0.0014919024394221608,-0.9570671553015822,,,,,,,,,,,8.585865689396837,False,False
phase29_energy_angular_momentum_balanced_burn_a,r0=1.02|angle=150|thrust=10000|target=1,1.02,150.0,10000.0,dead_geometry,no_window,dead_geometry,no_window,False,False,False,False,False,0,0,0,,,,,1.0200004540395804,0.36273742595849046,-0.061346115118083,0.051866114886367894,-0.04257261123442865,0.36176893426067935,0.6731444532887144,1.4362622786100234,True,,0.0,False,False
phase29_energy_angular_momentum_balanced_burn_a,r0=1.05|angle=150|thrust=10000|target=1,1.05,150.0,10000.0,dead_geometry,no_window,dead_geometry,no_window,False,False,False,False,False,0,0,0,,,,,1.0500005442380642,0.3064085814212491,-0.07816165348954865,0.03891123838322391,-0.03206923446450897,0.3155401431983138,0.7121713249983952,1.3688019210476123,True,,0.0,False,False
phase29_energy_angular_momentum_balanced_burn_a,r0=0.98|angle=165|thrust=10000|target=1,0.98,165.0,10000.0,dead_geometry,no_window,window_no_crossing,dead_window_no_crossing,False,False,False,False,False,1,0,1,,,,,0.9800002412356685,0.19697611331236003,0.008292077689342188,0.014636678980988988,-0.011873520628431286,0.194672097159091,0.8172903188725161,1.212417868288038,True,1810018,0.0,False,False
phase29_energy_angular_momentum_balanced_burn_a,r0=1|angle=165|thrust=10000|target=1,1.0,165.0,10000.0,near_recoverable_crossing,no_window,crossing_bad_sync,no_window,True,False,False,True,True,0,0,0,3.7979517781608254,3.79942093563033,-0.0021129824297496515,-0.9494879445402064,,,,,,,,,,,8.601024110919587,False,False
phase29_energy_angular_momentum_balanced_burn_a,r0=1.02|angle=165|thrust=10000|target=1,1.02,165.0,10000.0,dead_geometry,no_window,dead_geometry,no_window,False,False,False,False,False,0,0,0,,,,,1.0200002291360832,0.18154699481849038,-0.03006299805568064,0.012953225819670258,-0.01066403576922862,0.1840999224188663,0.8266073087151105,1.1996391188271445,True,,0.0,False,False
phase29_energy_angular_momentum_balanced_burn_a,r0=1.05|angle=165|thrust=10000|target=1,1.05,165.0,10000.0,dead_geometry,no_window,dead_geometry,no_window,False,False,False,False,False,0,0,0,,,,,1.0500002743178853,0.14981920149048947,-0.05543084133023443,0.009895281512138903,-0.008202124284532026,0.16146391635392152,0.8469165614388082,1.173071791969408,True,,0.0,False,False
phase29_energy_angular_momentum_balanced_burn_a,r0=0.98|angle=170|thrust=10000|target=1,0.98,170.0,10000.0,dead_geometry,no_window,window_no_crossing,dead_window_no_crossing,False,False,False,False,False,1,0,1,,,,,0.9800001622046716,0.13337736861478539,0.014805785274447302,0.006804315540078522,-0.005490165824802514,0.13296614878517474,0.8729738406850809,1.1407280221935898,True,2673105,0.0,False,False
phase29_energy_angular_momentum_balanced_burn_a,r0=1|angle=170|thrust=10000|target=1,1.0,170.0,10000.0,crossing_bad_sync,no_window,crossing_bad_sync,no_window,True,False,False,True,True,0,0,0,7.4610975801887705,8.013550658069029,-0.1492219516037754,-0.7309675543558039,,,,,,,,,,,6.769451209905615,False,False
phase29_energy_angular_momentum_balanced_burn_a,r0=1.02|angle=170|thrust=10000|target=1,1.02,170.0,10000.0,dead_geometry,no_window,dead_geometry,no_window,False,False,False,False,False,0,0,0,,,,,1.02000015268494,0.12002433863445638,-0.024242790872472768,0.005723952815440294,-0.004727497706491279,0.12289266443611718,0.8821567592295344,1.1293570509072952,True,,0.0,False,False
phase29_energy_angular_momentum_balanced_burn_a,r0=1.05|angle=170|thrust=10000|target=1,1.05,170.0,10000.0,dead_geometry,no_window,dead_geometry,no_window,False,False,False,False,False,0,0,0,,,,,1.0500001797019551,0.09492945059588731,-0.051180653910105484,0.0045081733328724335,-0.003739516100919207,0.10926832945882656,0.8947654281836873,1.1142917498103615,True,,0.0,False,False
phase29_energy_angular_momentum_balanced_burn_a,r0=0.98|angle=175|thrust=10000|target=1,0.98,175.0,10000.0,dead_geometry,no_window,window_no_crossing,dead_window_no_crossing,False,False,False,False,False,1,0,1,,,,,0.9800000829986677,0.06963778685472523,0.018799107738614776,0.0019848895982678707,-0.0015767898571888927,0.0716221227958482,0.9302242696810982,1.0737534047600612,True,5119822,0.0,False,False
phase29_energy_angular_momentum_balanced_burn_a,r0=1|angle=175|thrust=10000|target=1,1.0,175.0,10000.0,near_recoverable_crossing,no_window,near_recoverable_crossing,no_window,True,False,True,True,True,0,0,0,2.9016636040045847,3.037448426622083,-0.017960415068522723,-0.7254159010011462,,,,,,,,,,,11.049168197997707,False,False
phase29_energy_angular_momentum_balanced_burn_a,r0=1.02|angle=175|thrust=10000|target=1,1.02,175.0,10000.0,dead_geometry,no_window,window_no_crossing,dead_window_no_crossing,False,False,False,False,False,1,0,1,,,,,1.0200000750475262,0.057547050515579304,-0.02076764687384157,0.0014234949732132344,-0.0011829263223528284,0.061518960620325455,0.9398188668123129,1.0630321815871788,True,,0.0,False,False
phase29_energy_angular_momentum_balanced_burn_a,r0=1.05|angle=175|thrust=10000|target=1,1.05,175.0,10000.0,dead_geometry,no_window,window_no_crossing,dead_window_no_crossing,False,False,False,False,False,1,0,1,,,,,1.050000083617896,0.03918798804127101,-0.048807312184123486,0.0015414746869907329,-0.0012475982565983913,0.06349228942022099,0.9379535422226887,1.0651341667765561,True,,0.0,False,False
phase29_energy_angular_momentum_balanced_burn_a,r0=0.98|angle=150|thrust=12000|target=1,0.98,150.0,12000.0,dead_geometry,no_window,window_no_crossing,dead_window_no_crossing,False,False,False,False,False,1,0,1,,,,,0.9800004618294716,0.363935902314902,-0.021102372908702188,0.04987454053167604,-0.04067987336675427,0.35440681450831996,0.6794820400381065,1.4255031280460855,True,979640,0.0,False,False
phase29_energy_angular_momentum_balanced_burn_a,r0=1|angle=150|thrust=12000|target=1,1.0,150.0,12000.0,near_recoverable_crossing,no_window,near_recoverable_crossing,no_window,True,False,True,True,True,0,0,0,2.9011167539992284,3.0547866581952734,-0.019133667779626447,-0.7252791884998071,,,,,,,,,,,11.049441623000385,False,False
phase29_energy_angular_momentum_balanced_burn_a,r0=1.02|angle=150|thrust=12000|target=1,1.02,150.0,12000.0,dead_geometry,no_window,dead_geometry,no_window,False,False,False,False,False,0,0,0,,,,,1.0200004400610467,0.33976362841326013,-0.05618115434080547,0.04544986883402307,-0.03730436208971248,0.3396163564869951,0.6918270942002287,1.4034007358530896,True,,0.0,False,False
phase29_energy_angular_momentum_balanced_burn_a,r0=1.05|angle=150|thrust=12000|target=1,1.05,150.0,12000.0,dead_geometry,no_window,dead_geometry,no_window,False,False,False,False,False,0,0,0,,,,,1.0500005202963854,0.27796903444541604,-0.07284538710439535,0.032121499410060636,-0.026487174064421408,0.28760249851084657,0.7360402168814932,1.3303348485641842,True,,0.0,False,False
phase29_energy_angular_momentum_balanced_burn_a,r0=0.98|angle=165|thrust=12000|target=1,0.98,165.0,12000.0,dead_geometry,no_window,window_no_crossing,dead_window_no_crossing,False,False,False,False,False,1,0,1,,,,,0.9800002345795156,0.18621319618629428,0.009573695678031605,0.01309856341196529,-0.010617541410220489,0.1842396309093359,0.8265874775812992,1.1999573483280648,True,1914635,0.0,False,False
phase29_energy_angular_momentum_balanced_burn_a,r0=1|angle=165|thrust=12000|target=1,1.0,165.0,12000.0,crossing_bad_sync,no_window,crossing_bad_sync,no_window,True,False,False,True,True,0,0,0,3.604903096364507,3.621779577911722,-0.0069845823583089784,-0.9012257740911267,,,,,,,,,,,8.697548451817747,False,False
phase29_energy_angular_momentum_balanced_burn_a,r0=1.02|angle=165|thrust=12000|target=1,1.02,165.0,12000.0,dead_geometry,no_window,dead_geometry,no_window,False,False,False,False,False,0,0,0,,,,,1.0200002213227688,0.16910815731569556,-0.028692526723498875,0.01125188824498044,-0.009266162285509397,0.17172883716625045,0.8376968339930128,1.18506303398794,True,,0.0,False,False
phase29_energy_angular_momentum_balanced_burn_a,r0=1.05|angle=165|thrust=12000|target=1,1.05,165.0,12000.0,dead_geometry,no_window,dead_geometry,no_window,False,False,False,False,False,0,0,0,,,,,1.0500002606760788,0.133753023974763,-0.053988900552704264,0.00806543981962793,-0.006688098977875673,0.14590881728094546,0.8610358152696562,1.1552262248757368,True,,0.0,False,False
phase29_energy_angular_momentum_balanced_burn_a,r0=0.98|angle=170|thrust=12000|target=1,0.98,170.0,12000.0,dead_geometry,no_window,window_no_crossing,dead_window_no_crossing,False,False,False,False,False,1,0,1,,,,,0.9800001578094044,0.1263800790448307,0.015367906890863937,0.006127912825308672,-0.004939291012348722,0.126181269073616,0.879206431292797,1.1331249600489774,True,2821107,0.0,False,False
phase29_energy_angular_momentum_balanced_burn_a,r0=1|angle=170|thrust=12000|target=1,1.0,170.0,12000.0,near_recoverable_crossing,no_window,near_recoverable_crossing,no_window,True,False,True,True,True,0,0,0,2.426890180940645,2.4531113690583384,-0.007154283714171683,-0.6067225452351612,,,,,,,,,,,11.286554909529677,False,False
phase29_energy_angular_momentum_balanced_burn_a,r0=1.02|angle=170|thrust=12000|target=1,1.02,170.0,12000.0,dead_geometry,no_window,dead_geometry,no_window,False,False,False,False,False,0,0,0,,,,,1.0200001472566564,0.11138248295182074,-0.023616044981277593,0.004947654477985942,-0.004088222101866431,0.11431103881036962,0.8900928329805499,1.1198516779796055,True,,0.0,False,False
phase29_energy_angular_momentum_balanced_burn_a,r0=1.05|angle=170|thrust=12000|target=1,1.05,170.0,12000.0,dead_geometry,no_window,dead_geometry,no_window,False,False,False,False,False,0,0,0,,,,,1.0500001698075123,0.08327660492458319,-0.05052274605530384,0.0036804519650102153,-0.0030487221296985755,0.09872281588264428,0.9046065450536597,1.1027815504068161,True,,0.0,False,False
phase29_energy_angular_momentum_balanced_burn_a,r0=0.98|angle=175|thrust=12000|target=1,0.98,175.0,12000.0,dead_geometry,no_window,window_no_crossing,dead_window_no_crossing,False,False,False,False,False,1,0,1,,,,,0.980000081074374,0.06657430093419937,0.01892754333145129,0.0018293184083154688,-0.0014509249262650119,0.0687296044030578,0.9329771077947681,1.0706882340992623,True,5355417,0.0,False,False
phase29_energy_angular_momentum_balanced_burn_a,r0=1|angle=175|thrust=12000|target=1,1.0,175.0,12000.0,near_recoverable_crossing,no_window,near_recoverable_crossing,no_window,True,False,True,True,True,0,0,0,2.4555270465095096,2.584817383236934,-0.016145189110617915,-0.6138817616273774,,,,,,,,,,,11.272236476745245,False,False
phase29_energy_angular_momentum_balanced_burn_a,r0=1.02|angle=175|thrust=12000|target=1,1.02,175.0,12000.0,dead_geometry,no_window,window_no_crossing,dead_window_no_crossing,False,False,False,False,False,1,0,1,,,,,1.0200000720412818,0.052761093690850414,-0.02060200151384051,0.0012199972083121774,-0.001013970987030197,0.056959970294827564,0.9441919412375932,1.058251033601515,True,,0.0,False,False
phase29_energy_angular_momentum_balanced_burn_a,r0=1.05|angle=175|thrust=12000|target=1,1.05,175.0,12000.0,dead_geometry,no_window,window_no_crossing,dead_window_no_crossing,False,False,False,False,False,1,0,1,,,,,1.0500000775289648,0.032016955119591614,-0.04864345317182197,0.0013426004881629647,-0.0010755520727247715,0.05907335525439845,0.942191631690252,1.060497179285002,True,,0.0,False,False
phase29_avoid_dead_window_family_burn_a,r0=0.98|angle=150|thrust=8000|target=1,0.98,150.0,8000.0,dead_geometry,no_window,window_no_crossing,dead_window_no_crossing,False,False,False,False,False,1,0,1,,,,,0.9800003097036812,0.4990393829828077,-0.05373660912693372,0.10363902909091341,-0.0726615838831395,0.47871549238896666,0.581556453849556,1.6496875035614926,True,714431,0.0,False,False
phase29_avoid_dead_window_family_burn_a,r0=1|angle=150|thrust=8000|target=1,1.0,150.0,8000.0,crossing_bad_sync,no_window,crossing_bad_sync,no_window,True,False,False,True,True,0,0,0,3.120380097204119,3.134710956393185,-0.005988015668111895,-0.7800950243010297,,,,,,,,,,,8.93980995139794,False,False
phase29_avoid_dead_window_family_burn_a,r0=1.02|angle=150|thrust=8000|target=1,1.02,150.0,8000.0,dead_geometry,no_window,dead_geometry,no_window,False,False,False,False,False,0,0,0,,,,,1.020000293106,0.45869256955847193,-0.16459563920941483,-0.0524844308808986,-0.14788730713157258,0.48558750103098947,0.4887601981327766,1.4115054412611086,True,,0.0,False,False
phase29_avoid_dead_window_family_burn_a,r0=1.05|angle=150|thrust=8000|target=1,1.05,150.0,8000.0,dead_geometry,no_window,dead_geometry,no_window,False,False,False,False,False,0,0,0,,,,,1.0500004354173247,0.4297436051612679,-0.1906737143259637,-0.06507251202959873,-0.1502070476475758,0.48047887538278256,0.48778005135746083,1.3900263678400513,True,,0.0,False,False
phase29_avoid_dead_window_family_burn_a,r0=0.98|angle=165|thrust=8000|target=1,0.98,165.0,8000.0,dead_geometry,no_window,window_no_crossing,dead_window_no_crossing,False,False,False,False,False,1,0,1,,,,,0.98000015980927,0.2566428641825756,0.04727080254912508,0.12182569987437171,0.02632555386172506,0.27382520859158055,0.8269141915272807,1.4505380178050666,True,1389213,0.0,False,False
phase29_avoid_dead_window_family_burn_a,r0=1|angle=165|thrust=8000|target=1,1.0,165.0,8000.0,near_recoverable_crossing,no_window,near_recoverable_crossing,no_window,True,False,True,True,True,0,0,0,2.988704842796222,3.1666781075799455,-0.020933166025926386,-0.7471762106990555,,,,,,,,,,,11.00564757860189,False,False
phase29_avoid_dead_window_family_burn_a,r0=1.02|angle=165|thrust=8000|target=1,1.02,165.0,8000.0,dead_geometry,no_window,dead_geometry,no_window,False,False,False,False,False,0,0,0,,,,,1.020000155145603,0.2462790942033369,-0.11456005378177074,-0.11612672488275902,-0.09685111748529186,0.2993327453906845,0.6277667571152509,1.1641444617564998,True,,0.0,False,False
phase29_avoid_dead_window_family_burn_a,r0=1.05|angle=165|thrust=8000|target=1,1.05,165.0,8000.0,dead_geometry,no_window,dead_geometry,no_window,False,False,False,False,False,0,0,0,,,,,1.0500002293242838,0.22619546586744685,-0.1770441698589416,-0.17634080161207485,-0.1358961896281323,0.3487911512424264,0.5535885925789086,1.1465989697832661,True,,0.0,False,False
phase29_avoid_dead_window_family_burn_a,r0=0.98|angle=170|thrust=8000|target=1,0.98,170.0,8000.0,dead_geometry,no_window,window_no_crossing,dead_window_no_crossing,False,False,False,False,False,1,0,1,,,,,0.9800001071516885,0.17194049656629798,0.06642229739536026,0.12600394735053583,0.04509396571640298,0.21307935199864167,0.9003709405961936,1.3879689139570688,True,2073582,0.0,False,False
phase29_avoid_dead_window_family_burn_a,r0=1|angle=170|thrust=8000|target=1,1.0,170.0,8000.0,crossing_bad_sync,no_window,crossing_bad_sync,no_window,True,False,False,True,True,0,0,0,3.646547447633596,3.6602346470497937,-0.006324852049514541,-0.911636861908399,,,,,,,,,,,8.676726276183203,False,False
phase29_avoid_dead_window_family_burn_a,r0=1.02|angle=170|thrust=8000|target=1,1.02,170.0,8000.0,dead_geometry,no_window,dead_geometry,no_window,False,False,False,False,False,0,0,0,,,,,1.0200001043268303,0.16613969563805503,-0.09635456460768548,-0.11660664180205474,-0.0782815616253752,0.2266499784965448,0.6925894872480527,1.0985515691693313,True,,0.0,False,False
phase29_avoid_dead_window_family_burn_a,r0=1.05|angle=170|thrust=8000|target=1,1.05,170.0,8000.0,dead_geometry,no_window,dead_geometry,no_window,False,False,False,False,False,0,0,0,,,,,1.0500001541974593,0.1518365414839765,-0.17063539139057401,-0.19386163569498208,-0.1291670330741874,0.30762795935095194,0.5799432865149384,1.0952927209104455,True,,0.0,False,False
phase29_avoid_dead_window_family_burn_a,r0=0.98|angle=175|thrust=8000|target=1,0.98,175.0,8000.0,dead_geometry,no_window,window_no_crossing,dead_window_no_crossing,False,False,False,False,False,1,0,1,,,,,0.9800000538292968,0.08644376060862645,0.07799232880117346,0.12872377026938112,0.05643254025271892,0.1661698367495631,0.9570215906248705,1.3384616691656093,True,4124457,0.0,False,False
phase29_avoid_dead_window_family_burn_a,r0=1|angle=175|thrust=8000|target=1,1.0,175.0,8000.0,crossing_bad_sync,no_window,crossing_bad_sync,no_window,True,False,False,True,True,0,0,0,3.2703555545449374,3.2972025479901705,-0.00839807571601849,-0.8175888886362344,,,,,,,,,,,8.86482222272753,False,False
phase29_avoid_dead_window_family_burn_a,r0=1.02|angle=175|thrust=8000|target=1,1.02,175.0,8000.0,dead_geometry,no_window,dead_geometry,no_window,False,False,False,False,False,0,0,0,,,,,1.0200000523390698,0.08333707643787829,-0.08525951372109103,-0.11708898756514804,-0.06696465611884676,0.16586937333339422,0.746700250339689,1.0436674126334107,True,,0.0,False,False
phase29_avoid_dead_window_family_burn_a,r0=1.05|angle=175|thrust=8000|target=1,1.05,175.0,8000.0,dead_geometry,no_window,window_no_crossing,dead_window_no_crossing,False,False,False,False,False,1,0,1,,,,,1.050000076809288,0.07461923756225453,-0.16560411872187933,-0.2029772481170741,-0.1238842605686197,0.2768035058318983,0.6011722127746509,1.0613696209386991,True,,0.0,False,False
phase29_avoid_dead_window_family_burn_a,r0=0.98|angle=150|thrust=10000|target=1,0.98,150.0,10000.0,dead_geometry,no_window,window_no_crossing,dead_window_no_crossing,False,False,False,False,False,1,0,1,,,,,0.9800003091635512,0.4972801467893824,-0.035897953640115894,0.13596461747784255,-0.05517969650210124,0.4782135755492913,0.6038947420504831,1.7108252803656265,True,716958,0.0,False,False
phase29_avoid_dead_window_family_burn_a,r0=1|angle=150|thrust=10000|target=1,1.0,150.0,10000.0,crossing_bad_sync,no_window,crossing_bad_sync,no_window,True,False,False,True,True,0,0,0,3.8282686212063286,3.828995307954149,-0.0014919024394221608,-0.9570671553015822,,,,,,,,,,,8.585865689396837,False,False
phase29_avoid_dead_window_family_burn_a,r0=1.02|angle=150|thrust=10000|target=1,1.02,150.0,10000.0,dead_geometry,no_window,dead_geometry,no_window,False,False,False,False,False,0,0,0,,,,,1.0200002900950196,0.449967263113529,-0.16641389347087912,-0.0634474211928372,-0.14974192952111895,0.4808249285418268,0.4882000380195855,1.3924759222048135,True,,0.0,False,False
phase29_avoid_dead_window_family_burn_a,r0=1.05|angle=150|thrust=10000|target=1,1.05,150.0,10000.0,dead_geometry,no_window,dead_geometry,no_window,False,False,False,False,False,0,0,0,,,,,1.0500004282629394,0.4161296926731982,-0.19198037413301913,-0.07870149095749465,-0.15157904679481013,0.47279078606204467,0.48874430818667486,1.365336748310918,True,,0.0,False,False
phase29_avoid_dead_window_family_burn_a,r0=0.98|angle=165|thrust=10000|target=1,0.98,165.0,10000.0,dead_geometry,no_window,window_no_crossing,dead_window_no_crossing,False,False,False,False,False,1,0,1,,,,,0.9800001593606852,0.2550857123070714,0.06512800949313613,0.15875040256250092,0.04382561904280272,0.288787219977287,0.8454242143938178,1.5319914849326723,True,1397694,0.0,False,False
phase29_avoid_dead_window_family_burn_a,r0=1|angle=165|thrust=10000|target=1,1.0,165.0,10000.0,near_recoverable_crossing,no_window,crossing_bad_sync,no_window,True,False,False,True,True,0,0,0,3.7979517781608254,3.79942093563033,-0.0021129824297496515,-0.9494879445402064,,,,,,,,,,,8.601024110919587,False,False
phase29_avoid_dead_window_family_burn_a,r0=1.02|angle=165|thrust=10000|target=1,1.02,165.0,10000.0,dead_geometry,no_window,dead_geometry,no_window,False,False,False,False,False,0,0,0,,,,,1.0200001541091666,0.24208624148018998,-0.1319768537470162,-0.14871408673076167,-0.11461625705163292,0.3154647443301331,0.5959143912111786,1.1451628908581974,True,,0.0,False,False
phase29_avoid_dead_window_family_burn_a,r0=1.05|angle=165|thrust=10000|target=1,1.05,165.0,10000.0,dead_geometry,no_window,dead_geometry,no_window,False,False,False,False,False,0,0,0,,,,,1.0500002255665746,0.2183959141800201,-0.18535749309137317,-0.19342230617802886,-0.1446251839898221,0.3561086693547697,0.5395335140896703,1.1363191908971009,True,,0.0,False,False
phase29_avoid_dead_window_family_burn_a,r0=0.98|angle=170|thrust=10000|target=1,0.98,170.0,10000.0,dead_geometry,no_window,window_no_crossing,dead_window_no_crossing,False,False,False,False,False,1,0,1,,,,,0.9800001068222793,0.1707689909489015,0.08430909490790973,0.1640721574928062,0.0626230288381205,0.23684864265094616,0.9129392736341191,1.4796117317270745,True,2087807,0.0,False,False
phase29_avoid_dead_window_family_burn_a,r0=1|angle=170|thrust=10000|target=1,1.0,170.0,10000.0,crossing_bad_sync,no_window,crossing_bad_sync,no_window,True,False,False,True,True,0,0,0,7.4610975801887705,8.013550658069029,-0.1492219516037754,-0.7309675543558039,,,,,,,,,,,6.769451209905615,False,False
phase29_avoid_dead_window_family_burn_a,r0=1.02|angle=170|thrust=10000|target=1,1.02,170.0,10000.0,dead_geometry,no_window,dead_geometry,no_window,False,False,False,False,False,0,0,0,,,,,1.0200001037486466,0.16392824401223463,-0.11414090804638935,-0.1491653143037798,-0.09642363430063526,0.2485230238754171,0.653932873513385,1.086460762724842,True,,0.0,False,False
phase29_avoid_dead_window_family_burn_a,r0=1.05|angle=170|thrust=10000|target=1,1.05,170.0,10000.0,dead_geometry,no_window,dead_geometry,no_window,False,False,False,False,False,0,0,0,,,,,1.0500001515473973,0.14604448795133113,-0.1822260414305283,-0.21467839007068046,-0.14133721957053966,0.32313383050843103,0.5572389984250754,1.0892873713110511,True,,0.0,False,False
phase29_avoid_dead_window_family_burn_a,r0=0.98|angle=175|thrust=10000|target=1,0.98,175.0,10000.0,dead_geometry,no_window,window_no_crossing,dead_window_no_crossing,False,False,False,False,False,1,0,1,,,,,0.9800000536757988,0.08588745440573954,0.09590908518826123,0.16757716306985773,0.07399096230829165,0.19959056960162488,0.9615418930001631,1.4410832048115658,True,4151172,0.0,False,False
phase29_avoid_dead_window_family_burn_a,r0=1|angle=175|thrust=10000|target=1,1.0,175.0,10000.0,near_recoverable_crossing,no_window,near_recoverable_crossing,no_window,True,False,True,True,True,0,0,0,2.9016636040045847,3.037448426622083,-0.017960415068522723,-0.7254159010011462,,,,,,,,,,,11.049168197997707,False,False
phase29_avoid_dead_window_family_burn_a,r0=1.02|angle=175|thrust=10000|target=1,1.02,175.0,10000.0,dead_geometry,no_window,dead_geometry,no_window,False,False,False,False,False,0,0,0,,,,,1.0200000520490755,0.0822561516427961,-0.10315194714203846,-0.14968170927140267,-0.08521493940476726,0.1947046291753369,0.7004507111233506,1.039161203958326,True,,0.0,False,False
phase29_avoid_dead_window_family_burn_a,r0=1.05|angle=175|thrust=10000|target=1,1.05,175.0,10000.0,dead_geometry,no_window,window_no_crossing,dead_window_no_crossing,False,False,False,False,False,1,0,1,,,,,1.0500000751936096,0.07094075923087395,-0.17973247636719084,-0.22689036670932003,-0.13871903850667458,0.2998111418869667,0.5707020587267557,1.0594354452168613,True,,0.0,False,False
phase29_avoid_dead_window_family_burn_a,r0=0.98|angle=150|thrust=12000|target=1,0.98,150.0,12000.0,dead_geometry,no_window,window_no_crossing,dead_window_no_crossing,False,False,False,False,False,1,0,1,,,,,0.9800003085979427,0.4953899382453977,-0.018072880447034676,0.1687763751421597,-0.03771111981740495,0.47988229360063506,0.6257253654073149,1.7803660162495158,True,719694,0.0,False,False
phase29_avoid_dead_window_family_burn_a,r0=1|angle=150|thrust=12000|target=1,1.0,150.0,12000.0,near_recoverable_crossing,no_window,near_recoverable_crossing,no_window,True,False,True,True,True,0,0,0,2.9011167539992284,3.0547866581952734,-0.019133667779626447,-0.7252791884998071,,,,,,,,,,,11.049441623000385,False,False
phase29_avoid_dead_window_family_burn_a,r0=1.02|angle=150|thrust=12000|target=1,1.02,150.0,12000.0,dead_geometry,no_window,dead_geometry,no_window,False,False,False,False,False,0,0,0,,,,,1.0200002871168738,0.4413855765279067,-0.16758209986392306,-0.07304297415626594,-0.1509335028599763,0.4758449189155795,0.4884753860828023,1.3753828639305308,True,,0.0,False,False
phase29_avoid_dead_window_family_burn_a,r0=1.05|angle=150|thrust=12000|target=1,1.05,150.0,12000.0,dead_geometry,no_window,dead_geometry,no_window,False,False,False,False,False,0,0,0,,,,,1.0500004212324532,0.4028725445823558,-0.19260841528778436,-0.09057368237934202,-0.15223849595263572,0.46497867250044544,0.49058705169950567,1.3433101276607478,True,,0.0,False,False
phase29_avoid_dead_window_family_burn_a,r0=0.98|angle=165|thrust=12000|target=1,0.98,165.0,12000.0,dead_geometry,no_window,window_no_crossing,dead_window_no_crossing,False,False,False,False,False,1,0,1,,,,,0.9800001588721363,0.25330076241814636,0.08296342480868825,0.19615506003007624,0.061304328365227305,0.30753160007850844,0.8614452433418323,1.626596791325738,True,1407543,0.0,False,False
phase29_avoid_dead_window_family_burn_a,r0=1|angle=165|thrust=12000|target=1,1.0,165.0,12000.0,crossing_bad_sync,no_window,crossing_bad_sync,no_window,True,False,False,True,True,0,0,0,3.604903096364507,3.621779577911722,-0.0069845823583089784,-0.9012257740911267,,,,,,,,,,,8.697548451817747,False,False
phase29_avoid_dead_window_family_burn_a,r0=1.02|angle=165|thrust=12000|target=1,1.02,165.0,12000.0,dead_geometry,no_window,dead_geometry,no_window,False,False,False,False,False,0,0,0,,,,,1.0200001529159632,0.2374367112620049,-0.14554499744497265,-0.17431447652320556,-0.1284557667340623,0.328638447916646,0.5717050802873989,1.131416221530665,True,,0.0,False,False
phase29_avoid_dead_window_family_burn_a,r0=1.05|angle=165|thrust=12000|target=1,1.05,165.0,12000.0,dead_geometry,no_window,dead_geometry,no_window,False,False,False,False,False,0,0,0,,,,,1.050000221763682,0.2107562974312996,-0.18951072359596105,-0.2034504183967034,-0.1489860800386731,0.3583733966660397,0.5331558272161868,1.1287323315535778,True,,0.0,False,False
phase29_avoid_dead_window_family_burn_a,r0=0.98|angle=170|thrust=12000|target=1,0.98,170.0,12000.0,dead_geometry,no_window,window_no_crossing,dead_window_no_crossing,False,False,False,False,False,1,0,1,,,,,0.9800001064573933,0.16938676825825433,0.1021804701458321,0.2026775611950905,0.08013697807817532,0.2641347885376591,0.922920484421979,1.5854749935702865,True,2104844,0.0,False,False
phase29_avoid_dead_window_family_burn_a,r0=1|angle=170|thrust=12000|target=1,1.0,170.0,12000.0,near_recoverable_crossing,no_window,near_recoverable_crossing,no_window,True,False,True,True,True,0,0,0,2.426890180940645,2.4531113690583384,-0.007154283714171683,-0.6067225452351612,,,,,,,,,,,11.286554909529677,False,False
phase29_avoid_dead_window_family_burn_a,r0=1.02|angle=170|thrust=12000|target=1,1.02,170.0,12000.0,dead_geometry,no_window,dead_geometry,no_window,False,False,False,False,False,0,0,0,,,,,1.0200001030696113,0.16104095961721876,-0.13182657883716126,-0.1811248357029022,-0.11446302093160743,0.2716441723978274,0.6166628671123648,1.076638246829393,True,,0.0,False,False
phase29_avoid_dead_window_family_burn_a,r0=1.05|angle=170|thrust=12000|target=1,1.05,170.0,12000.0,dead_geometry,no_window,dead_geometry,no_window,False,False,False,False,False,0,0,0,,,,,1.050000148864313,0.14045737484486057,-0.18797366006229452,-0.22564658381236774,-0.14737222218366616,0.33013125284456457,0.5465431520004829,1.0852486111511834,True,,0.0,False,False
phase29_avoid_dead_window_family_burn_a,r0=0.98|angle=175|thrust=12000|target=1,0.98,175.0,12000.0,dead_geometry,no_window,window_no_crossing,dead_window_no_crossing,False,False,False,False,False,1,0,1,,,,,0.9800000535033494,0.08521480322330753,0.11382174147764473,0.20704421936494824,0.0915453662412856,0.234980756359596,0.9647691111195705,1.5574396284374663,True,4183940,0.0,False,False
phase29_avoid_dead_window_family_burn_a,r0=1|angle=175|thrust=12000|target=1,1.0,175.0,12000.0,near_recoverable_crossing,no_window,near_recoverable_crossing,no_window,True,False,True,True,True,0,0,0,2.4555270465095096,2.584817383236934,-0.016145189110617915,-0.6138817616273774,,,,,,,,,,,11.272236476745245,False,False
phase29_avoid_dead_window_family_burn_a,r0=1.02|angle=175|thrust=12000|target=1,1.02,175.0,12000.0,dead_geometry,no_window,window_no_crossing,dead_window_no_crossing,False,False,False,False,False,1,0,1,,,,,1.0200000517159071,0.08089738390585278,-0.12102482671483691,-0.18164247233557096,-0.10344527779213525,0.2240168011707408,0.6566988044154275,1.035860532967654,True,,0.0,False,False
phase29_avoid_dead_window_family_burn_a,r0=1.05|angle=175|thrust=12000|target=1,1.05,175.0,12000.0,dead_geometry,no_window,window_no_crossing,dead_window_no_crossing,False,False,False,False,False,1,0,1,,,,,1.0500000735278876,0.06738264319491004,-0.18678126412532373,-0.23889663839645212,-0.14612026753733418,0.3109780245049414,0.5561577569432138,1.0581819208112364,True,,0.0,False,False
