controller_name,r0_over_target,initial_velocity_angle_deg,thrust_scale,target_radius_scale,success,capture_entered,lock_entered,crossing_occurs,crossing_vr,crossing_vt_error,crossing_vr_ratio,crossing_vt_error_ratio,crossing_radius_error,recoverable_crossing,crossing_score,recoverability_score,near_miss,radius_crossings_total,first_crossing_step,minimum_abs_radius_error,final_radius_error,tail_mean_abs_vr,steps,terminated,truncated,termination_reason,dominant_planner_mode,planner_mode_counts_json,initial_energy_error_ratio,final_energy_error_ratio,initial_angular_momentum_ratio,final_angular_momentum_ratio,max_speed_ratio,overspeed,turning_point_count,mean_abs_tracking_error,initial_transfer_energy_error_ratio,final_transfer_energy_error_ratio,initial_transfer_angular_momentum_error_ratio,final_transfer_angular_momentum_error_ratio,burn_steps,coast_steps,burn_ratio,event_count,burn_count,predictive_replans,candidate_eval_count,event_steps_json,burn_steps_json
baseline_soft_linear_3e4,0.98,150.0,8000.0,1.0,False,False,False,False,,,,,,False,,,False,0,,148101427375.6953,148101437871.46484,297.67608708532185,100000,False,True,max_steps,unconditioned_descent,"{""unconditioned_descent"": 100000}",0.020408163265306076,0.9931940337535566,0.8748177652797064,0.18290418934596675,0.7467844171220183,False,0,0.02010564620816692,0.01020408163265299,0.9732620934160211,0.1383156030192956,0.8197951580804899,0,0,0.0,0,0,0,0,[],[]
baseline_soft_linear_3e4,1.0,150.0,8000.0,1.0,True,True,True,True,-38.530447607905636,-3195.2769906896274,-0.009158290866034995,-0.7594844569695679,-2413.50390625,False,0.6185775149366969,0.021872411989640565,False,1,128,1076.5029296875,2220.5693359375,28.016402607368157,349,True,False,success,soft_window,"{""soft_window"": 128}",0.0,5.921338994971445e-10,0.8660254037844387,1.0000000000000075,1.0000000000000073,False,0,5.993435436858285e-07,0.0,5.921338994971445e-10,0.13397459621556124,2.9606680816445473e-10,0,0,0.0,0,0,0,0,[],[]
baseline_soft_linear_3e4,1.02,150.0,8000.0,1.0,False,False,False,False,,,,,,False,,,False,0,,150000152884.06055,151439399801.9121,288.3916029378637,100000,False,True,max_steps,unconditioned_descent,"{""unconditioned_descent"": 100000}",0.01960784313725499,0.9214919987051526,0.8574929257125444,0.16839265550158586,0.7267794177920996,False,0,0.019864555110347074,0.009803921568627649,0.940706918692204,0.12965524072353934,0.8290513690533725,0,0,0.0,0,0,0,0,[],[]
baseline_soft_linear_3e4,1.05,150.0,8000.0,1.0,False,False,False,False,,,,,,False,,,False,0,,375000149886.9883,376127077512.8613,284.54300635253543,100000,False,True,max_steps,unconditioned_descent,"{""unconditioned_descent"": 100000}",0.04761904761904765,0.8709211513334464,0.8451542547285167,0.1571683354657068,0.712531949282445,False,0,0.04949687497169861,0.023809523809523878,0.9176941801167825,0.12321610416249097,0.8369263510737447,0,0,0.0,0,0,0,0,[],[]
baseline_soft_linear_3e4,0.98,165.0,8000.0,1.0,False,False,False,False,,,,,,False,,,False,0,,148955169044.06543,148955174869.99902,169.92036425051123,100000,False,True,max_steps,unconditioned_descent,"{""unconditioned_descent"": 100000}",0.020408163265306076,0.992831367481997,0.9757324312745989,0.2077829213878815,0.7467844312090415,False,0,0.020163544421083666,0.01020408163265299,0.972903053807177,0.03891593766554585,0.7953073655743486,0,0,0.0,0,0,0,0,[],[]
baseline_soft_linear_3e4,1.0,165.0,8000.0,1.0,True,True,True,True,-75.5921283924204,-3183.1688515097776,-0.017967470973745035,-0.756606476895629,-6026.451171875,False,0.6268461474885241,0.02180655982767169,False,1,79,581.3896484375,5645.37109375,18.30163168160577,300,True,False,success,soft_window,"{""soft_window"": 79}",2.104654818683916e-16,1.5054145521914852e-09,0.9659258262890681,1.0000000000000075,1.0000000000000073,False,0,5.203974283719617e-07,2.104654818683916e-16,1.5054145521914852e-09,0.034074173710931875,7.527071491359193e-10,0,0,0.0,0,0,0,0,[],[]
baseline_soft_linear_3e4,1.02,165.0,8000.0,1.0,False,False,False,False,,,,,,False,,,False,0,,150000079138.60547,150774924506.69336,157.8707191308565,100000,False,True,max_steps,unconditioned_descent,"{""unconditioned_descent"": 100000}",0.019607843137254777,0.9211536502151909,0.956409083597835,0.19030368921136065,0.7267794307959223,False,0,0.019819590906630113,0.009803921568627437,0.9403651867173426,0.029256558656644043,0.8068245327342787,0,0,0.0,0,0,0,0,[],[]
baseline_soft_linear_3e4,1.05,165.0,8000.0,1.0,False,False,False,False,,,,,,False,,,False,0,,375000077587.208,375601949156.3242,152.95046609124174,100000,False,True,max_steps,unconditioned_descent,"{""unconditioned_descent"": 100000}",0.04761904761904765,0.8706005369748342,0.942647084338374,0.17724292198953748,0.7125319615538074,False,0,0.049461319981531325,0.023809523809523878,0.917365550399205,0.022074635036229126,0.8161097601857977,0,0,0.0,0,0,0,0,[],[]
baseline_soft_linear_3e4,0.98,170.0,8000.0,1.0,False,False,False,False,,,,,,False,,,False,0,,149262453807.42383,149262458023.18555,124.09640653574039,100000,False,True,max_steps,unconditioned_descent,"{""unconditioned_descent"": 100000}",0.020408163265306496,0.9927022150611052,0.9948060576000269,0.21325710873493184,0.7467844361837457,False,0,0.020184253199847606,0.010204081632653406,0.9727751929104941,0.020128657787653964,0.789923375899833,0,0,0.0,0,0,0,0,[],[]
baseline_soft_linear_3e4,1.0,170.0,8000.0,1.0,True,True,True,True,-69.01423483018289,-4727.470714164705,-0.01640397336941329,-1.1236711366960404,-2623.1083984375,False,0.9186216777498761,0.04348345057112868,False,1,42,1709.513671875,2275.509765625,11.434367729151932,266,True,False,success,soft_window,"{""soft_window"": 42}",2.104654818683916e-16,6.067846121554851e-10,0.984807753012208,1.0000000000000073,1.0000000000000073,False,0,4.632949875670622e-07,2.104654818683916e-16,6.067846121554851e-10,0.015192246987791962,3.0339234160109173e-10,0,0,0.0,0,0,0,0,[],[]
baseline_soft_linear_3e4,1.02,170.0,8000.0,1.0,False,False,False,False,,,,,,False,,,False,0,,150000053096.0664,150536104992.708,111.37700734995084,100000,False,True,max_steps,unconditioned_descent,"{""unconditioned_descent"": 100000}",0.01960784313725499,0.9210336064720429,0.9751049769494176,0.19493930557237563,0.7267794353881043,False,0,0.019803525192121977,0.009803921568627649,0.9402439425367631,0.010280457151176597,0.8021251395304924,0,0,0.0,0,0,0,0,[],[]
baseline_soft_linear_3e4,1.05,170.0,8000.0,1.0,False,False,False,False,,,,,,False,,,False,0,,375000052055.19434,375413005576.19336,106.21192603449481,100000,False,True,max_steps,unconditioned_descent,"{""unconditioned_descent"": 100000}",0.047619047619047436,0.8704869632104021,0.9610739580048949,0.18141944111934685,0.7125319658873277,False,0,0.049448607533529636,0.02380952380952366,0.917249137290662,0.0029581412233598363,0.811781120635116,0,0,0.0,0,0,0,0,[],[]
baseline_soft_linear_3e4,0.98,175.0,8000.0,1.0,False,False,False,False,,,,,,False,,,False,0,,149577689612.25488,149577692213.9873,77.16213217288069,100000,False,True,max_steps,unconditioned_descent,"{""unconditioned_descent"": 100000}",0.020408163265306287,0.9925704599681217,1.0063086091467979,0.21720339578270875,0.746784441235641,False,0,0.02020542657913858,0.010204081632653197,0.9726447553684404,0.008798790486491197,0.786045119018906,0,0,0.0,0,0,0,0,[],[]
baseline_soft_linear_3e4,1.0,175.0,8000.0,1.0,True,True,True,True,-31.058008674702325,-3664.12991433049,-0.0073821690331051645,-0.8709259717889519,-762.443359375,False,0.7055993803725469,0.02761116937756757,False,1,8,596.3916015625,607.4658203125,3.3645032623345292,230,True,False,success,soft_window,"{""soft_window"": 8}",2.104654818683916e-16,1.6197255112205923e-10,0.9961946980917454,1.0000000000000075,1.0000000000000075,False,0,4.020464845759737e-07,2.104654818683916e-16,1.6197255112205923e-10,0.0038053019082545138,8.098627137007804e-11,0,0,0.0,0,0,0,0,[],[]
baseline_soft_linear_3e4,1.02,175.0,8000.0,1.0,False,False,False,False,,,,,,False,,,False,0,,150000026649.43555,150291319592.0088,63.938993763791515,100000,False,True,max_steps,unconditioned_descent,"{""unconditioned_descent"": 100000}",0.019607843137254777,0.9209113934878578,0.9863797326419318,0.19814530045814632,0.7267794400515416,False,0,0.019787109114965833,0.009803921568627437,0.9401205074227361,0.0011632810242118924,0.7988773015205017,0,0,0.0,0,0,0,0,[],[]
baseline_soft_linear_3e4,1.05,175.0,8000.0,1.0,False,False,False,False,,,,,,False,,,False,0,,375000026127.00977,375219241696.8496,58.60010511204866,100000,False,True,max_steps,unconditioned_descent,"{""unconditioned_descent"": 100000}",0.04761904761904765,0.8703714348681936,0.9721864785386766,0.18425480160044394,0.7125319702880899,False,0,0.04943561356706942,0.023809523809523878,0.9171307207398983,0.008570262013884953,0.808844196696342,0,0,0.0,0,0,0,0,[],[]
baseline_soft_linear_3e4,0.98,150.0,10000.0,1.0,False,False,False,False,,,,,,False,,,False,0,,149999778030.68164,152717567891.542,276.7142706168291,100000,False,True,max_steps,unconditioned_descent,"{""unconditioned_descent"": 100000}",0.020408163265306076,1.0411755465057324,0.8748177652797064,0.018258175313717928,0.680942392565535,False,0,0.02041893747442285,0.01020408163265299,1.020763791040675,0.1383156030192956,0.98202257827266,0,0,0.0,0,0,0,0,[],[]
baseline_soft_linear_3e4,1.0,150.0,10000.0,1.0,True,True,True,True,-56.806558896857226,-3462.776521423222,-0.013502334433540864,-0.823066342493355,-3817.8857421875,False,0.6746558758239845,0.02052503083453011,False,1,1711,693.05859375,2453.6474609375,78.06700913583241,1927,True,False,success,soft_window,"{""soft_window"": 1711}",0.0,6.542913016537822e-10,0.8660254037844387,1.000000000000006,1.0000000000000058,False,0,2.9618460471386597e-06,0.0,6.542913016537822e-10,0.13397459621556124,3.271454664854056e-10,0,0,0.0,0,0,0,0,[],[]
baseline_soft_linear_3e4,1.02,150.0,10000.0,1.0,False,False,False,False,,,,,,False,,,False,0,,149198751325.39844,150544096287.76855,404.36645734775647,100000,False,True,max_steps,unconditioned_descent,"{""unconditioned_descent"": 100000}",0.01960784313725499,0.9606361979700722,0.8574929257125444,0.0023603396508644586,0.6609373932356164,False,0,0.01971400205120601,0.009803921568627649,0.9802425599497727,0.12965524072353934,0.9976041139563618,0,0,0.0,0,0,0,0,[],[]
baseline_soft_linear_3e4,1.05,150.0,10000.0,1.0,False,False,False,False,,,,,,False,,,False,0,,375000136036.57227,378620323407.8428,432.52942857508054,100000,False,True,max_steps,unconditioned_descent,"{""unconditioned_descent"": 100000}",0.04761904761904765,0.9036729146570972,0.8451542547285167,0.011387997794392684,0.6466899247259618,False,0,0.04965460734498605,0.023809523809523878,0.9512647375235245,0.12321610416249097,1.011819621288201,0,0,0.0,0,0,0,0,[],[]
baseline_soft_linear_3e4,0.98,165.0,10000.0,1.0,False,False,False,False,,,,,,False,,,False,0,,149999885100.2578,151200471057.4287,98.49538074975737,100000,False,True,max_steps,unconditioned_descent,"{""unconditioned_descent"": 100000}",0.020408163265306076,1.0406937225256263,0.9757324312745989,0.021146093026635632,0.6809424066525582,False,0,0.02031932292997009,0.01020408163265299,1.02028678530037,0.03891593766554585,0.979174768598959,0,0,0.0,0,0,0,0,[],[]
baseline_soft_linear_3e4,1.0,165.0,10000.0,1.0,True,True,True,True,-44.60852682385054,-3025.2685757801814,-0.010602987744017904,-0.7190752063618795,-2523.248046875,False,0.5879837507187582,0.01630347108872191,False,1,41,1109.8916015625,1452.48828125,20.02351591027418,257,True,False,success,soft_window,"{""soft_window"": 41}",2.104654818683916e-16,3.8731520650728185e-10,0.9659258262890681,1.000000000000006,1.000000000000006,False,0,4.4768223066228917e-07,2.104654818683916e-16,3.8731520650728185e-10,0.034074173710931875,1.9365753166188975e-10,0,0,0.0,0,0,0,0,[],[]
baseline_soft_linear_3e4,1.02,165.0,10000.0,1.0,False,False,False,False,,,,,,False,,,False,0,,149785381703.07617,151656909491.87305,422.0336496820377,100000,False,True,max_steps,unconditioned_descent,"{""unconditioned_descent"": 100000}",0.019607843137254777,0.9603450572017151,0.956409083597835,0.0030053699379860386,0.6609374062394391,False,0,0.0198101296914546,0.009803921568627437,0.9799485077737321,0.029256558656644043,0.9969489258715237,0,0,0.0,0,0,0,0,[],[]
baseline_soft_linear_3e4,1.05,165.0,10000.0,1.0,False,False,False,False,,,,,,False,,,False,0,,375000070417.7031,377230357181.69336,295.67407237481086,100000,False,True,max_steps,unconditioned_descent,"{""unconditioned_descent"": 100000}",0.04761904761904765,0.9040402355228755,0.942647084338374,0.012187936847154232,0.646689936997324,False,0,0.049558217208132985,0.023809523809523878,0.9516412414109473,0.022074635036229126,1.0126476476394977,0,0,0.0,0,0,0,0,[],[]
baseline_soft_linear_3e4,0.98,170.0,10000.0,1.0,False,False,False,False,,,,,,False,,,False,0,,149999922910.91016,150679843258.92676,38.23173254753143,100000,False,True,max_steps,unconditioned_descent,"{""unconditioned_descent"": 100000}",0.020408163265306496,1.0405272805422932,0.9948060576000269,0.021829602451688423,0.6809424116272625,False,0,0.020284801503066004,0.010204081632653406,1.02012200773687,0.020128657787653964,0.9785001074237492,0,0,0.0,0,0,0,0,[],[]
baseline_soft_linear_3e4,1.0,170.0,10000.0,1.0,True,True,True,True,-14.98621570953258,-4062.7001351939803,-0.0035620692457484443,-0.9656620114621247,-1402.0849609375,False,0.7768040924515426,0.02687945836559521,False,1,26,96.537109375,1044.1005859375,8.944379745003824,243,True,False,success,soft_window,"{""soft_window"": 26}",2.104654818683916e-16,2.7841236850026503e-10,0.984807753012208,1.0000000000000058,1.0000000000000058,False,0,4.240856750450103e-07,2.104654818683916e-16,2.7841236850026503e-10,0.015192246987791962,1.3920605199046318e-10,0,0,0.0,0,0,0,0,[],[]
baseline_soft_linear_3e4,1.02,170.0,10000.0,1.0,False,False,False,False,,,,,,False,,,False,0,,149903420693.5078,152042149718.04883,435.350399634015,100000,False,True,max_steps,unconditioned_descent,"{""unconditioned_descent"": 100000}",0.01960784313725499,0.9602439145955881,0.9751049769494176,0.0031859438151766975,0.660937410831621,False,0,0.019842173376793313,0.009803921568627649,0.9798463537415437,0.010280457151176597,0.996765443073477,0,0,0.0,0,0,0,0,[],[]
baseline_soft_linear_3e4,1.05,170.0,10000.0,1.0,False,False,False,False,,,,,,False,,,False,0,,375000047244.99414,376723920502.0879,245.09233299130722,100000,False,True,max_steps,unconditioned_descent,"{""unconditioned_descent"": 100000}",0.047619047619047436,0.904173429199429,0.9610739580048949,0.012231585691972835,0.6466899413308445,False,0,0.049523416782792075,0.02380952380952366,0.9517777649294147,0.0029581412233598363,1.012692126824392,0,0,0.0,0,0,0,0,[],[]
baseline_soft_linear_3e4,0.98,175.0,10000.0,1.0,False,False,False,False,,,,,,False,,,False,0,,149999961308.2578,150158652999.47363,21.693906402381284,100000,False,True,max_steps,unconditioned_descent,"{""unconditioned_descent"": 100000}",0.020408163265306287,1.0403600897449736,1.0063086091467979,0.022353969112866197,0.6809424166791579,False,0,0.02025007683444228,0.010204081632653197,1.0199564888475239,0.008798790486491197,0.9779820993951348,0,0,0.0,0,0,0,0,[],[]
baseline_soft_linear_3e4,1.0,175.0,10000.0,1.0,True,True,True,True,-79.19029577566481,-3603.0741488999756,-0.01882271833073839,-0.8564136446924371,-4727.6806640625,False,0.7077181783811932,0.021957297513013917,False,1,7,2218.6337890625,2824.8642578125,3.50178163891905,224,True,False,success,soft_window,"{""soft_window"": 7}",2.104654818683916e-16,7.532826887231708e-10,0.9961946980917454,1.0000000000000058,1.0000000000000058,False,0,3.9194432095307846e-07,2.104654818683916e-16,7.532826887231708e-10,0.0038053019082545138,3.766413375752306e-10,0,0,0.0,0,0,0,0,[],[]
baseline_soft_linear_3e4,1.02,175.0,10000.0,1.0,False,False,False,False,,,,,,False,,,False,0,,149975691666.3994,152426639843.34473,450.8625781484721,100000,False,True,max_steps,unconditioned_descent,"{""unconditioned_descent"": 100000}",0.019607843137254777,0.9601427857149094,0.9863797326419318,0.003341656090870114,0.6609374154950584,False,0,0.019873821082383235,0.009803921568627437,0.9797442135720582,0.0011632810242118924,0.9966071843749914,0,0,0.0,0,0,0,0,[],[]
baseline_soft_linear_3e4,1.05,175.0,10000.0,1.0,False,False,False,False,,,,,,False,,,False,0,,375000023712.72363,376200512372.5088,192.34946452680813,100000,False,True,max_steps,unconditioned_descent,"{""unconditioned_descent"": 100000}",0.04761904761904765,0.9043107315844968,0.9721864785386766,0.012167247892895574,0.6466899457316065,False,0,0.04948763992717449,0.023809523809523878,0.9519184998741093,0.008570262013884953,1.0126245276525643,0,0,0.0,0,0,0,0,[],[]
baseline_soft_linear_3e4,0.98,150.0,12000.0,1.0,False,False,False,False,,,,,,False,,,False,0,,149555731584.85742,149555731584.85742,417.52366748323516,100000,False,True,max_steps,unconditioned_descent,"{""unconditioned_descent"": 100000}",0.020408163265306076,1.0090333629213488,0.8748177652797064,0.15383782935687554,0.6151003680090517,False,0,0.020201131192885583,0.01020408163265299,0.9889430292921352,0.1383156030192956,1.151537467781502,0,0,0.0,0,0,0,0,[],[]
baseline_soft_linear_3e4,1.0,150.0,12000.0,1.0,True,True,True,True,-39.80874820360246,-4852.3106761866475,-0.009462129762191896,-1.1533443108967762,-1244.0107421875,False,0.9340300045979194,0.03135376273812549,False,4,55,51.9462890625,217.6943359375,21.73237089833826,270,True,False,success,soft_window,"{""soft_window"": 55}",0.0,5.8064900861706823e-11,0.8660254037844387,1.000000000000005,1.0000000000000049,False,0,4.690833186853781e-07,0.0,5.8064900861706823e-11,0.13397459621556124,2.9032625308901102e-11,0,0,0.0,0,0,0,0,[],[]
baseline_soft_linear_3e4,1.02,150.0,12000.0,1.0,False,False,False,False,,,,,,False,,,False,0,,150000125183.22852,150024760502.80078,415.61731552270584,100000,False,True,max_steps,unconditioned_descent,"{""unconditioned_descent"": 100000}",0.01960784313725499,0.9216906343845764,0.8574929257125444,0.17120334222442266,0.5950953686791332,False,0,0.01977087052854525,0.009803921568627649,0.940907540728422,0.12965524072353934,1.1737698454195504,0,0,0.0,0,0,0,0,[],[]
baseline_soft_linear_3e4,1.05,150.0,12000.0,1.0,False,False,False,False,,,,,,False,,,False,0,,374726998120.56445,374727036567.166,414.4369643322249,100000,False,True,max_steps,unconditioned_descent,"{""unconditioned_descent"": 100000}",0.04761904761904765,0.8599698975241604,0.8451542547285167,0.18358413865087095,0.5808479001694785,False,0,0.049403849162856575,0.023809523809523878,0.9064691449622644,0.12321610416249097,1.1904481167660221,0,0,0.0,0,0,0,0,[],[]
baseline_soft_linear_3e4,0.98,165.0,12000.0,1.0,False,False,False,False,,,,,,False,,,False,0,,149761475838.2578,149761475838.2578,217.67228592638764,100000,False,True,max_steps,unconditioned_descent,"{""unconditioned_descent"": 100000}",0.020408163265306076,1.009589035548744,0.9757324312745989,0.1703581443667397,0.6151003820960751,False,0,0.02021536024605007,0.01020408163265299,0.9894931451932565,0.03891593766554585,1.1678060552421752,0,0,0.0,0,0,0,0,[],[]
baseline_soft_linear_3e4,1.0,165.0,12000.0,1.0,True,True,True,True,-49.89490215814327,-3804.1918098357014,-0.011859504757034702,-0.904217242924399,-3756.763671875,False,0.7376052005488627,0.020534347013872814,False,1,47,861.8408203125,1917.5859375,12.276941494087875,260,True,False,success,soft_window,"{""soft_window"": 47}",2.104654818683916e-16,5.113431463687706e-10,0.9659258262890681,1.0000000000000049,1.0000000000000049,False,0,4.53347220796274e-07,2.104654818683916e-16,5.113431463687706e-10,0.034074173710931875,2.556716006393791e-10,0,0,0.0,0,0,0,0,[],[]
baseline_soft_linear_3e4,1.02,165.0,12000.0,1.0,False,False,False,False,,,,,,False,,,False,0,,150000064799.59863,150019903121.16992,215.2844167433694,100000,False,True,max_steps,unconditioned_descent,"{""unconditioned_descent"": 100000}",0.019607843137254777,0.9222042531443442,0.956409083597835,0.18969992339348077,0.5950953816829558,False,0,0.01977008125408958,0.009803921568627437,0.9414262956757874,0.029256558656644043,1.1925435864215947,0,0,0.0,0,0,0,0,[],[]
baseline_soft_linear_3e4,1.05,165.0,12000.0,1.0,False,False,False,False,,,,,,False,,,False,0,,374865589284.35547,374865609250.27637,213.80999930514116,100000,False,True,max_steps,unconditioned_descent,"{""unconditioned_descent"": 100000}",0.04761904761904765,0.8604549772793049,0.942647084338374,0.20348295548288095,0.5808479124408409,False,0,0.04941264747848365,0.023809523809523878,0.9069663517112874,0.022074635036229126,1.2110946402150944,0,0,0.0,0,0,0,0,[],[]
baseline_soft_linear_3e4,0.98,170.0,12000.0,1.0,False,False,False,False,,,,,,False,,,False,0,,149837578438.94922,149837578438.94922,147.0267319398061,100000,False,True,max_steps,unconditioned_descent,"{""unconditioned_descent"": 100000}",0.020408163265306496,1.0097853778321344,0.9948060576000269,0.17324853260853407,0.6151003870707793,False,0,0.020220538435304157,0.010204081632653406,0.989687524053813,0.020128657787653964,1.1706513766411955,0,0,0.0,0,0,0,0,[],[]
baseline_soft_linear_3e4,1.0,170.0,12000.0,1.0,True,True,True,True,-59.11783526958399,-2644.140708489538,-0.014051701041181388,-0.628485034627588,-4974.4609375,False,0.5196500696147496,0.011302579212861713,False,1,19,567.279296875,2772.2412109375,6.334229874531584,231,True,False,success,soft_window,"{""soft_window"": 19}",2.104654818683916e-16,7.392509550470052e-10,0.984807753012208,1.000000000000005,1.0000000000000049,False,0,4.0389829571496205e-07,2.104654818683916e-16,7.392509550470052e-10,0.015192246987791962,3.696254979829826e-10,0,0,0.0,0,0,0,0,[],[]
baseline_soft_linear_3e4,1.02,170.0,12000.0,1.0,False,False,False,False,,,,,,False,,,False,0,,150000043475.667,150015036432.5996,144.53846555689043,100000,False,True,max_steps,unconditioned_descent,"{""unconditioned_descent"": 100000}",0.01960784313725499,0.9223856367917704,0.9751049769494176,0.19295924793140315,0.5950953862751378,False,0,0.019769662449613784,0.009803921568627649,0.9416094931596879,0.010280457151176597,1.1958516448723353,0,0,0.0,0,0,0,0,[],[]
baseline_soft_linear_3e4,1.05,170.0,12000.0,1.0,False,False,False,False,,,,,,False,,,False,0,,374911539824.58594,374911553208.7783,143.00356261341577,100000,False,True,max_steps,unconditioned_descent,"{""unconditioned_descent"": 100000}",0.047619047619047436,0.8606262240938488,0.9610739580048949,0.20700274118146933,0.5808479167743612,False,0,0.049415621622306345,0.02380952380952366,0.907141879696195,0.0029581412233598363,1.2147473435620535,0,0,0.0,0,0,0,0,[],[]
baseline_soft_linear_3e4,0.98,175.0,12000.0,1.0,False,False,False,False,,,,,,False,,,False,0,,149916705985.81152,149916705985.81152,75.24537240784004,100000,False,True,max_steps,unconditioned_descent,"{""unconditioned_descent"": 100000}",0.020408163265306287,1.0099848286895707,1.0063086091467979,0.17480077882738088,0.6151003921226748,False,0,0.0202258789911652,0.010204081632653197,0.989884980402675,0.008798790486491197,1.1721784998446,0,0,0.0,0,0,0,0,[],[]
baseline_soft_linear_3e4,1.0,175.0,12000.0,1.0,True,True,True,True,-49.59440466036998,-3805.3841505526866,-0.011788079594339244,-0.9045006500420295,-4449.8916015625,False,0.7377462161401496,0.02054370229463622,False,1,25,509.548828125,2621.802734375,2.228509408401243,238,True,False,success,soft_window,"{""soft_window"": 25}",2.104654818683916e-16,6.99134129548071e-10,0.9961946980917454,1.0000000000000049,1.0000000000000049,False,0,4.161105787678352e-07,2.104654818683916e-16,6.99134129548071e-10,0.0038053019082545138,3.4956702192990726e-10,0,0,0.0,0,0,0,0,[],[]
baseline_soft_linear_3e4,1.02,175.0,12000.0,1.0,False,False,False,False,,,,,,False,,,False,0,,150000021820.85938,150008410722.51758,72.69278992503675,100000,False,True,max_steps,unconditioned_descent,"{""unconditioned_descent"": 100000}",0.019607843137254777,0.9225698387725687,0.9863797326419318,0.1947302860448906,0.5950953909385752,False,0,0.019769162314264774,0.009803921568627437,0.9417955371602942,0.0011632810242118924,1.1976490592782207,0,0,0.0,0,0,0,0,[],[]
baseline_soft_linear_3e4,1.05,175.0,12000.0,1.0,False,False,False,False,,,,,,False,,,False,0,,374956606897.5137,374956613568.1035,71.11978586582853,100000,False,True,max_steps,unconditioned_descent,"{""unconditioned_descent"": 100000}",0.04761904761904765,0.860800100431001,0.9721864785386766,0.20892714529054235,0.5808479211751234,False,0,0.049418570975026714,0.023809523809523878,0.9073201029417759,0.008570262013884953,1.2167449858797699,0,0,0.0,0,0,0,0,[],[]
phase19_minimal_transfer,0.98,150.0,8000.0,1.0,False,False,False,False,,,,,,False,,,False,0,,149992137715.67285,149992137715.67285,2124.941948589986,37,True,False,overspeed,injection,"{""injection"": 37}",0.020408163265306076,2.5374054489132747,0.8748177652797064,1.8229415012906711,1.9170117754500122,True,0,0.019999755185021634,0.01020408163265299,2.5220313944241424,0.1383156030192956,0.7955761136584696,37,0,1.0,0,0,0,0,[],[]
phase19_minimal_transfer,1.0,150.0,8000.0,1.0,False,False,False,False,,,,,,False,,,True,0,,210358.2724609375,21006299804.911133,2097.8224880565635,100000,False,True,max_steps,coast,"{""coast"": 100000}",0.0,2.348100241561085e-10,0.8660254037844387,0.8636066040402389,0.9999999719522293,False,0,0.0013432077781328747,0.0,2.348100241561085e-10,0.13397459621556124,0.13397459621557253,0,100000,0.0,0,0,0,0,[],[]
phase19_minimal_transfer,1.02,150.0,8000.0,1.0,False,False,False,False,,,,,,False,,,False,0,,150000208285.72656,170715400990.54492,2060.805489289208,100000,False,True,max_steps,coast,"{""coast"": 99956, ""injection"": 44}",0.01960784313725499,0.7154693393959192,0.8574929257125444,0.014674922264171662,0.967428795731702,False,0,0.021152107262801513,0.009803921568627649,0.7326240327898782,0.12965524072353934,0.9850648012900219,44,99956,0.00044,0,0,0,0,[],[]
phase19_minimal_transfer,1.05,150.0,8000.0,1.0,False,False,False,False,,,,,,False,,,False,0,,375000205288.6543,395422036966.10645,2032.0700456922814,100000,False,True,max_steps,coast,"{""coast"": 99920, ""injection"": 80}",0.04761904761904765,0.6666606409711171,0.8451542547285167,0.002369870685871166,0.953182666923505,False,0,0.05078528101468256,0.023809523809523878,0.708327156995395,0.12321610416249097,0.9975350619602241,80,99920,0.0008,0,0,0,0,[],[]
phase19_minimal_transfer,0.98,165.0,8000.0,1.0,False,False,False,False,,,,,,False,,,False,0,,149996150166.14746,149996150166.14746,1099.95279055767,35,True,False,overspeed,injection,"{""injection"": 35}",0.020408163265306076,2.528866923704691,0.9757324312745989,1.8711832342563497,1.9154471547923935,True,0,0.020000001898167318,0.01020408163265299,2.5135782544676437,0.03891593766554585,0.8430926774140922,35,0,1.0,0,0,0,0,[],[]
phase19_minimal_transfer,1.0,165.0,8000.0,1.0,False,False,False,False,,,,,,False,,,True,0,,108889.44921875,10880994908.410156,1087.3402430061706,100000,False,True,max_steps,coast,"{""coast"": 100000}",2.104654818683916e-16,6.318489463911919e-11,0.9659258262890681,0.9645265058722325,0.9999999854814061,False,0,0.0006677149020345863,2.104654818683916e-16,6.318489463911919e-11,0.034074173710931875,0.03407417371090627,0,100000,0.0,0,0,0,0,[],[]
phase19_minimal_transfer,1.02,165.0,8000.0,1.0,False,False,False,False,,,,,,False,,,False,0,,150000107816.6211,160668381107.29297,1056.0835724648327,100000,False,True,max_steps,coast,"{""coast"": 99956, ""injection"": 44}",0.019607843137254777,0.8950415734422785,0.956409083597835,0.008272161715925964,0.9647322055809496,False,0,0.020482316311491798,0.009803921568627437,0.9139919891767011,0.029256558656644043,0.9915921489277275,44,99956,0.00044,0,0,0,0,[],[]
phase19_minimal_transfer,1.05,165.0,8000.0,1.0,False,False,False,False,,,,,,False,,,False,0,,375000106265.2217,385519613301.5254,1041.811389129047,100000,False,True,max_steps,coast,"{""coast"": 99920, ""injection"": 80}",0.04761904761904765,0.840934192059358,0.942647084338374,0.005470992777551568,0.9504850973316988,False,0,0.050125128958069975,0.023809523809523878,0.8869575468608419,0.022074635036229126,1.0056833247376025,80,99920,0.0008,0,0,0,0,[],[]
phase19_minimal_transfer,0.98,170.0,8000.0,1.0,False,False,False,False,,,,,,False,,,False,0,,149997417046.05176,149997417046.05176,737.9871107699606,35,True,False,overspeed,injection,"{""injection"": 35}",0.020408163265306496,2.5630261206556115,0.9948060576000269,1.8902570946188084,1.924604385525322,True,0,0.02000008394374118,0.010204081632653406,2.5473958594490558,0.020128657787653964,0.8618798856220787,35,0,1.0,0,0,0,0,[],[]
phase19_minimal_transfer,1.0,170.0,8000.0,1.0,False,False,False,False,,,,,,False,,,True,0,,73056.654296875,7302072494.387695,729.8628968642898,100000,False,True,max_steps,coast,"{""coast"": 100000}",2.104654818683916e-16,2.8543539116473137e-11,0.984807753012208,0.9838498768364091,0.9999999902591125,False,0,0.0004290255162589983,2.104654818683916e-16,2.8543539116473137e-11,0.015192246987791962,0.015192246987789048,0,100000,0.0,0,0,0,0,[],[]
phase19_minimal_transfer,1.02,170.0,8000.0,1.0,False,False,False,False,,,,,,False,,,False,0,,150000072336.8672,157120440457.92676,701.2895181452349,100000,False,True,max_steps,coast,"{""coast"": 99956, ""injection"": 44}",0.01960784313725499,0.9305614805263204,0.9751049769494176,0.02567007925577905,0.9642216846781815,False,0,0.020245788947836605,0.009803921568627649,0.9498670953315834,0.010280457151176597,1.026079065279724,44,99956,0.00044,0,0,0,0,[],[]
phase19_minimal_transfer,1.05,170.0,8000.0,1.0,False,False,False,False,,,,,,False,,,False,0,,375000071295.99414,382022675699.3252,692.1132410150567,100000,False,True,max_steps,coast,"{""coast"": 99920, ""injection"": 80}",0.047619047619047436,0.8758762425824379,0.9610739580048949,0.012937122617844115,0.9499743778508208,False,0,0.04989200282654849,0.02380952380952366,0.9227731486469988,0.0029581412233598363,0.9865667409361405,80,99920,0.0008,0,0,0,0,[],[]
phase19_minimal_transfer,0.98,175.0,8000.0,1.0,False,False,False,False,,,,,,False,,,False,0,,149998740625.1416,149998740625.1416,370.40463851489955,34,True,False,overspeed,injection,"{""injection"": 34}",0.020408163265306287,2.4841473160738685,1.0063086091467979,1.8754230914805157,1.9037967966855014,True,0,0.0200001627563604,0.010204081632653197,2.4693058429131303,0.008798790486491197,0.8472682523774606,34,0,1.0,0,0,0,0,[],[]
phase19_minimal_transfer,1.0,175.0,8000.0,1.0,False,False,False,False,,,,,,False,,,True,0,,36667.853515625,3665870242.0302734,366.4985105489953,100000,False,True,max_steps,coast,"{""coast"": 100000}",2.104654818683916e-16,7.328408078657395e-12,0.9961946980917454,0.9957080181048664,0.9999999951109525,False,0,0.00018655477177428412,2.104654818683916e-16,7.328408078657395e-12,0.0038053019082545138,0.0038053019082992627,0,100000,0.0,0,0,0,0,[],[]
phase19_minimal_transfer,1.02,175.0,8000.0,1.0,False,False,False,False,,,,,,False,,,False,0,,150000036306.58496,153517325407.22168,340.9664663604817,100000,False,True,max_steps,coast,"{""coast"": 99956, ""injection"": 44}",0.019607843137254777,0.9531291122057505,0.9863797326419318,0.014412502329641124,0.9639136809101074,False,0,0.020005586026164646,0.009803921568627437,0.9726604033278077,0.0011632810242118924,1.0146352382180397,44,99956,0.00044,0,0,0,0,[],[]
phase19_minimal_transfer,1.05,175.0,8000.0,1.0,False,False,False,False,,,,,,False,,,False,0,,375000035784.16113,378471507214.51855,336.9948293301376,100000,False,True,max_steps,coast,"{""coast"": 99920, ""injection"": 80}",0.04761904761904765,0.8969484567109794,0.9721864785386766,0.024050650106406037,0.949666252155233,False,0,0.049655260672877614,0.023809523809523878,0.9443721681287539,0.008570262013884953,0.9750382627878588,80,99920,0.0008,0,0,0,0,[],[]
phase19_minimal_transfer,0.98,150.0,10000.0,1.0,False,False,False,False,,,,,,False,,,False,0,,149993625175.91797,149993625175.91797,2124.9416009710712,30,True,False,overspeed,injection,"{""injection"": 30}",0.020408163265306076,2.5614542715180075,0.8748177652797064,1.829525973870959,1.9297181957868805,True,0,0.01999980551986489,0.01020408163265299,2.545839728802828,0.1383156030192956,0.8020613776475627,30,0,1.0,0,0,0,0,[],[]
phase19_minimal_transfer,1.0,150.0,10000.0,1.0,False,False,False,False,,,,,,False,,,True,0,,210358.2724609375,21006299804.911133,2097.8224880565635,100000,False,True,max_steps,coast,"{""coast"": 100000}",0.0,2.348100241561085e-10,0.8660254037844387,0.8636066040402389,0.9999999719522293,False,0,0.0013432077781328747,0.0,2.348100241561085e-10,0.13397459621556124,0.13397459621557253,0,100000,0.0,0,0,0,0,[],[]
phase19_minimal_transfer,1.02,150.0,10000.0,1.0,False,False,False,False,,,,,,False,,,False,0,,150000208285.72656,170715372632.56055,2060.8003124066704,100000,False,True,max_steps,coast,"{""coast"": 99956, ""injection"": 44}",0.01960784313725499,0.7156835554765901,0.8574929257125444,0.0015421473093418158,0.961777950596877,False,0,0.021152105920587878,0.009803921568627649,0.7328403910313559,0.12965524072353934,0.9984305009590296,44,99956,0.00044,0,0,0,0,[],[]
phase19_minimal_transfer,1.05,150.0,10000.0,1.0,False,False,False,False,,,,,,False,,,False,0,,375000205288.6543,395422045942.9844,2032.072120638237,100000,False,True,max_steps,coast,"{""coast"": 99920, ""injection"": 80}",0.04761904761904765,0.6665498911974254,0.8451542547285167,0.010764451678261136,0.9475326002742216,False,0,0.05078528133745472,0.023809523809523878,0.708213638477361,0.12321610416249097,1.0111962676307333,80,99920,0.0008,0,0,0,0,[],[]
phase19_minimal_transfer,0.98,165.0,10000.0,1.0,False,False,False,False,,,,,,False,,,False,0,,149996920134.50684,149996920134.50684,1099.9522250704886,28,True,False,overspeed,injection,"{""injection"": 28}",0.020408163265306076,2.504269890947176,0.9757324312745989,1.8645991822981967,1.9154472429473433,True,0,0.020000004397850168,0.01020408163265299,2.489227192037704,0.03891593766554585,0.8366072740915501,28,0,1.0,0,0,0,0,[],[]
phase19_minimal_transfer,1.0,165.0,10000.0,1.0,False,False,False,False,,,,,,False,,,True,0,,108889.44921875,10880994908.410156,1087.3402430061706,100000,False,True,max_steps,coast,"{""coast"": 100000}",2.104654818683916e-16,6.318489463911919e-11,0.9659258262890681,0.9645265058722325,0.9999999854814061,False,0,0.0006677149020345863,2.104654818683916e-16,6.318489463911919e-11,0.034074173710931875,0.03407417371090627,0,100000,0.0,0,0,0,0,[],[]
phase19_minimal_transfer,1.02,165.0,10000.0,1.0,False,False,False,False,,,,,,False,,,False,0,,150000107816.6211,160668480594.64453,1056.1034532695924,100000,False,True,max_steps,coast,"{""coast"": 99956, ""injection"": 44}",0.019607843137254777,0.8941354750005024,0.956409083597835,0.03117801025804295,0.9583861496856148,False,0,0.020482320619238555,0.009803921568627437,0.9130768297505072,0.029256558656644043,1.0316894276714883,44,99956,0.00044,0,0,0,0,[],[]
phase19_minimal_transfer,1.05,165.0,10000.0,1.0,False,False,False,False,,,,,,False,,,False,0,,375000106265.2217,385519653938.8623,1041.8197662463565,100000,False,True,max_steps,coast,"{""coast"": 99920, ""injection"": 80}",0.04761904761904765,0.8405291812452441,0.942647084338374,0.020830758119718885,0.9441392520451741,False,0,0.0501251306576604,0.023809523809523878,0.8865424107763751,0.022074635036229126,0.9783607896503417,80,99920,0.0008,0,0,0,0,[],[]
phase19_minimal_transfer,0.98,170.0,10000.0,1.0,False,False,False,False,,,,,,False,,,False,0,,149997933638.5459,149997933638.5459,737.986503743693,28,True,False,overspeed,injection,"{""injection"": 28}",0.020408163265306496,2.5381778792105654,0.9948060576000269,1.8836729944766226,1.924604444710459,True,0,0.020000069551692954,0.010204081632653406,2.52279610041846,0.020128657787653964,0.8553944979174397,28,0,1.0,0,0,0,0,[],[]
phase19_minimal_transfer,1.0,170.0,10000.0,1.0,False,False,False,False,,,,,,False,,,True,0,,73056.654296875,7302072494.387695,729.8628968642898,100000,False,True,max_steps,coast,"{""coast"": 100000}",2.104654818683916e-16,2.8543539116473137e-11,0.984807753012208,0.9838498768364091,0.9999999902591125,False,0,0.0004290255162589983,2.104654818683916e-16,2.8543539116473137e-11,0.015192246987791962,0.015192246987789048,0,100000,0.0,0,0,0,0,[],[]
phase19_minimal_transfer,1.02,170.0,10000.0,1.0,False,False,False,False,,,,,,False,,,False,0,,150000072336.8662,157120376915.33496,701.2776423805356,100000,False,True,max_steps,coast,"{""coast"": 99956, ""injection"": 44}",0.01960784313725499,0.9310648157696613,0.9751049769494176,0.012513881581083564,0.9577437264393501,False,0,0.020245786003845096,0.009803921568627649,0.9503754639273576,0.010280457151176597,1.0127132576684266,44,99956,0.00044,0,0,0,0,[],[]
phase19_minimal_transfer,1.05,170.0,10000.0,1.0,False,False,False,False,,,,,,False,,,False,0,,375000071295.99414,382022730942.3916,692.1244947672127,100000,False,True,max_steps,coast,"{""coast"": 99920, ""injection"": 80}",0.047619047619047436,0.8753387013860334,0.9610739580048949,0.026532886303490027,0.9434965145892887,False,0,0.04989200516867879,0.02380952380952366,0.9222221689206842,0.0029581412233598363,1.027550418161232,80,99920,0.0008,0,0,0,0,[],[]
phase19_minimal_transfer,0.98,175.0,10000.0,1.0,False,False,False,False,,,,,,False,,,False,0,,149998962868.9746,149998962868.9746,370.4042120060072,28,True,False,overspeed,injection,"{""injection"": 28}",0.020408163265306287,2.5586265129601573,1.0063086091467979,1.8951757410217356,1.930105839649081,True,0,0.020000135716513327,0.010204081632653197,2.543040247830556,0.008798790486491197,0.8667243082968548,28,0,1.0,0,0,0,0,[],[]
phase19_minimal_transfer,1.0,175.0,10000.0,1.0,False,False,False,False,,,,,,False,,,True,0,,36667.853515625,3665870242.0302734,366.4985105489953,100000,False,True,max_steps,coast,"{""coast"": 100000}",2.104654818683916e-16,7.328408078657395e-12,0.9961946980917454,0.9957080181048664,0.9999999951109525,False,0,0.00018655477177428412,2.104654818683916e-16,7.328408078657395e-12,0.0038053019082545138,0.0038053019082992627,0,100000,0.0,0,0,0,0,[],[]
phase19_minimal_transfer,1.02,175.0,10000.0,1.0,False,False,False,False,,,,,,False,,,False,0,,150000036306.58496,153517295963.38477,340.9612560442746,100000,False,True,max_steps,coast,"{""coast"": 99956, ""injection"": 44}",0.019607843137254777,0.9533354821276421,0.9863797326419318,0.0012501299882210699,0.9573560999062677,False,0,0.02000558459344498,0.009803921568627437,0.9728688369489183,0.0011632810242118924,1.0012694499325852,44,99956,0.00044,0,0,0,0,[],[]
phase19_minimal_transfer,1.05,175.0,10000.0,1.0,False,False,False,False,,,,,,False,,,False,0,,375000035784.16113,378471463812.07324,336.98685753231325,100000,False,True,max_steps,coast,"{""coast"": 99920, ""injection"": 80}",0.04761904761904765,0.8972889055806601,0.9721864785386766,0.015437153668937343,0.9431086951044796,False,0,0.04965525862908529,0.023809523809523878,0.9447211282201765,0.008570262013884953,1.0160219440788436,80,99920,0.0008,0,0,0,0,[],[]
phase19_minimal_transfer,0.98,150.0,12000.0,1.0,False,False,False,False,,,,,,False,,,False,0,,149994687647.32617,149994687647.32617,2124.9413114990284,25,True,False,overspeed,injection,"{""injection"": 25}",0.020408163265306076,2.537405840745221,0.8748177652797064,1.8229419692563253,1.9297183167796637,True,0,0.01999984146829681,0.01020408163265299,2.522031782337769,0.1383156030192956,0.7955759516614486,25,0,1.0,0,0,0,0,[],[]
phase19_minimal_transfer,1.0,150.0,12000.0,1.0,False,False,False,False,,,,,,False,,,True,0,,210358.2724609375,21006299804.911133,2097.8224880565635,100000,False,True,max_steps,coast,"{""coast"": 100000}",0.0,2.348100241561085e-10,0.8660254037844387,0.8636066040402389,0.9999999719522293,False,0,0.0013432077781328747,0.0,2.348100241561085e-10,0.13397459621556124,0.13397459621557253,0,100000,0.0,0,0,0,0,[],[]
phase19_minimal_transfer,1.02,150.0,12000.0,1.0,False,False,False,False,,,,,,False,,,False,0,,150000208285.72656,170715385470.74414,2060.8030467639,100000,False,True,max_steps,coast,"{""coast"": 99956, ""injection"": 44}",0.01960784313725499,0.7155509324769916,0.8574929257125444,0.011590672733616268,0.9561390490622795,False,0,0.02115210643675728,0.009803921568627649,0.7327064418017614,0.12965524072353934,1.0117962464803842,44,99956,0.00044,0,0,0,0,[],[]
phase19_minimal_transfer,1.05,150.0,12000.0,1.0,False,False,False,False,,,,,,False,,,False,0,,375000205288.6533,395422094888.40625,2032.0818765514402,100000,False,True,max_steps,coast,"{""coast"": 99920, ""injection"": 80}",0.04761904761904765,0.6660923040194764,0.8451542547285167,0.023898761565594236,0.9418946671923587,False,0,0.05078528346199299,0.023809523809523878,0.7077446116199632,0.12321610416249097,1.0248574604808327,80,99920,0.0008,0,0,0,0,[],[]
phase19_minimal_transfer,0.98,165.0,12000.0,1.0,False,False,False,False,,,,,,False,,,False,0,,149997470111.50195,149997470111.50195,1099.9517816981745,23,True,False,overspeed,injection,"{""injection"": 23}",0.020408163265306076,2.430998736919851,0.9757324312745989,1.8448466845971523,1.902402994068291,True,0,0.020000006178301704,0.01020408163265299,2.4166887495506524,0.03891593766554585,0.8171511706908691,23,0,1.0,0,0,0,0,[],[]
phase19_minimal_transfer,1.0,165.0,12000.0,1.0,False,False,False,False,,,,,,False,,,True,0,,108889.44921875,10880994908.410156,1087.3402430061706,100000,False,True,max_steps,coast,"{""coast"": 100000}",2.104654818683916e-16,6.318489463911919e-11,0.9659258262890681,0.9645265058722325,0.9999999854814061,False,0,0.0006677149020345863,2.104654818683916e-16,6.318489463911919e-11,0.034074173710931875,0.03407417371090627,0,100000,0.0,0,0,0,0,[],[]
phase19_minimal_transfer,1.02,165.0,12000.0,1.0,False,False,False,False,,,,,,False,,,False,0,,150000107816.62012,160668372594.25098,1056.0827210329123,100000,False,True,max_steps,coast,"{""coast"": 99956, ""injection"": 44}",0.019607843137254777,0.8950416757728307,0.956409083597835,0.008272245866030823,0.9520433282037671,False,0,0.020482315744044566,0.009803921568627437,0.9139920925305588,0.029256558656644043,0.9915920634066409,44,99956,0.00044,0,0,0,0,[],[]
phase19_minimal_transfer,1.05,165.0,12000.0,1.0,False,False,False,False,,,,,,False,,,False,0,,375000106265.2217,385519605416.21387,1041.8106004619433,100000,False,True,max_steps,coast,"{""coast"": 99920, ""injection"": 80}",0.04761904761904765,0.8409342875148764,0.942647084338374,0.005470923219812518,0.9377966931585686,False,0,0.05012512843246799,0.023809523809523878,0.8869576447027483,0.022074635036229126,1.0056832524746098,80,99920,0.0008,0,0,0,0,[],[]
phase19_minimal_transfer,0.98,170.0,12000.0,1.0,False,False,False,False,,,,,,False,,,False,0,,149998302632.74512,149998302632.74512,737.9860301821803,23,True,False,overspeed,injection,"{""injection"": 23}",0.020408163265306496,2.464153187313706,0.9948060576000269,1.8639204616450373,1.9114912661870656,True,0,0.020000059266620764,0.010204081632653406,2.4495116554405687,0.020128657787653964,0.8359384063020491,23,0,1.0,0,0,0,0,[],[]
phase19_minimal_transfer,1.0,170.0,12000.0,1.0,False,False,False,False,,,,,,False,,,True,0,,73056.654296875,7302072494.387695,729.8628968642898,100000,False,True,max_steps,coast,"{""coast"": 100000}",2.104654818683916e-16,2.8543539116473137e-11,0.984807753012208,0.9838498768364091,0.9999999902591125,False,0,0.0004290255162589983,2.104654818683916e-16,2.8543539116473137e-11,0.015192246987791962,0.015192246987789048,0,100000,0.0,0,0,0,0,[],[]
phase19_minimal_transfer,1.02,170.0,12000.0,1.0,False,False,False,False,,,,,,False,,,False,0,,150000072336.8662,157120439249.03516,701.290140087532,100000,False,True,max_steps,coast,"{""coast"": 99956, ""injection"": 44}",0.01960784313725499,0.930493829095963,0.9751049769494176,0.02695463547999905,0.951267227075646,False,0,0.020245788693470004,0.009803921568627649,0.9497987673869225,0.010280457151176597,0.9726159124341303,44,99956,0.00044,0,0,0,0,[],[]
phase19_minimal_transfer,1.05,170.0,12000.0,1.0,False,False,False,False,,,,,,False,,,False,0,,375000071295.99414,382022667325.4287,692.1124035038049,100000,False,True,max_steps,coast,"{""coast"": 99920, ""injection"": 80}",0.047619047619047436,0.8758763085952384,0.9610739580048949,0.012937178852927273,0.9370201336978686,False,0,0.0498920022683735,0.02380952380952366,0.9227732163101192,0.0029581412233598363,0.9865666825587229,80,99920,0.0008,0,0,0,0,[],[]
phase19_minimal_transfer,0.98,175.0,12000.0,1.0,False,False,False,False,,,,,,False,,,False,0,,149999148072.0703,149999148072.0703,370.40372002674155,23,True,False,overspeed,injection,"{""injection"": 23}",0.020408163265306287,2.484147378533713,1.0063086091467979,1.8754231713549443,1.916951256738164,True,0,0.0200001131786983,0.010204081632653197,2.469305904748376,0.008798790486491197,0.8472682286496248,23,0,1.0,0,0,0,0,[],[]
phase19_minimal_transfer,1.0,175.0,12000.0,1.0,False,False,False,False,,,,,,False,,,True,0,,36667.853515625,3665870242.0302734,366.4985105489953,100000,False,True,max_steps,coast,"{""coast"": 100000}",2.104654818683916e-16,7.328408078657395e-12,0.9961946980917454,0.9957080181048664,0.9999999951109525,False,0,0.00018655477177428412,2.104654818683916e-16,7.328408078657395e-12,0.0038053019082545138,0.0038053019082992627,0,100000,0.0,0,0,0,0,[],[]
phase19_minimal_transfer,1.02,175.0,12000.0,1.0,False,False,False,False,,,,,,False,,,False,0,,150000036306.58398,153517461127.55957,340.9938244587319,100000,False,True,max_steps,coast,"{""coast"": 99956, ""injection"": 44}",0.019607843137254777,0.9518736532889159,0.9863797326419318,0.03823694802207461,0.9507988868597611,False,0,0.020005591848734287,0.009803921568627437,0.9713923898218049,0.0011632810242118924,0.9611721240241331,44,99956,0.00044,0,0,0,0,[],[]
phase19_minimal_transfer,1.05,175.0,12000.0,1.0,False,False,False,False,,,,,,False,,,False,0,,375000035784.16113,378471498530.1455,336.99396076680927,100000,False,True,max_steps,coast,"{""coast"": 99920, ""injection"": 80}",0.04761904761904765,0.8969484904711325,0.9721864785386766,0.02405067836359108,0.9365515119440767,False,0,0.04965526009401059,0.023809523809523878,0.9443722027329107,0.008570262013884953,0.9750382334877494,80,99920,0.0008,0,0,0,0,[],[]
phase20_predictive_planner,0.98,150.0,8000.0,1.0,False,False,False,False,,,,,,False,,,False,0,,84468724217.98242,84468724217.98242,6551.05755757195,100000,False,True,max_steps,coast,"{""coast"": 99960, ""predictive_descent"": 40}",0.020408163265306076,2.153561336230181,0.8748177652797064,0.8670860310538518,1.7872808345631124,False,0,0.01586260116205586,0.01020408163265299,2.1420257228678796,0.1383156030192956,0.13831661624986635,0,99960,0.0,0,0,2500,22500,[],[]
phase20_predictive_planner,1.0,150.0,8000.0,1.0,True,True,True,True,-38.530447607905636,-3195.2769906896274,-0.009158290866034995,-0.7594844569695679,-2413.50390625,False,0.6185775149366969,0.021872411989640565,False,1,128,1076.5029296875,2220.5693359375,28.016402607368157,349,True,False,success,phase76_handoff,"{""phase76_handoff"": 128}",0.0,5.921338994971445e-10,0.8660254037844387,1.0000000000000075,1.0000000000000073,False,0,5.993435436858285e-07,0.0,5.921338994971445e-10,0.13397459621556124,2.9606680816445473e-10,0,0,0.0,0,0,0,0,[],[]
phase20_predictive_planner,1.02,150.0,8000.0,1.0,False,False,False,False,,,,,,False,,,False,0,,82108653858.16895,82108653858.16895,6803.3750686506155,100000,False,True,max_steps,coast,"{""coast"": 99880, ""predictive_descent"": 120}",0.01960784313725499,1.6517583238054399,0.8574929257125444,0.1211424073618747,1.8257690931976658,False,0,0.015247375213863884,0.009803921568627649,1.6582759070434943,0.12965524072353934,0.8781331515728964,0,99880,0.0,0,0,2500,22500,[],[]
phase20_predictive_planner,1.05,150.0,8000.0,1.0,False,False,False,False,,,,,,False,,,False,0,,306815014006.5283,306815014006.5283,6832.157363386223,100000,False,True,max_steps,coast,"{""coast"": 99880, ""predictive_descent"": 120}",0.04761904761904765,1.7279858954899665,0.8451542547285167,0.1086693973012368,1.8263186131125941,False,0,0.04488053578733844,0.023809523809523878,1.7461855428772155,0.12321610416249097,0.8882397911055445,0,99880,0.0,0,0,2500,22500,[],[]
phase20_predictive_planner,0.98,165.0,8000.0,1.0,False,False,False,False,,,,,,False,,,False,0,,72660148719.83887,72660148719.83887,7724.851567285684,100000,False,True,max_steps,coast,"{""coast"": 99920, ""predictive_descent"": 80}",0.020408163265306076,2.3685560288769216,0.9757324312745989,0.1315656364832687,1.8464455605206895,False,0,0.015074279360390812,0.01020408163265299,2.3548704685881523,0.03891593766554585,0.8690459246921106,0,99920,0.0,0,0,2500,22500,[],[]
phase20_predictive_planner,1.0,165.0,8000.0,1.0,True,True,True,True,-75.5921283924204,-3183.1688515097776,-0.017967470973745035,-0.756606476895629,-6026.451171875,False,0.6268461474885241,0.02180655982767169,False,1,79,581.3896484375,5645.37109375,18.30163168160577,300,True,False,success,phase76_handoff,"{""phase76_handoff"": 79}",2.104654818683916e-16,1.5054145521914852e-09,0.9659258262890681,1.0000000000000075,1.0000000000000073,False,0,5.203974283719617e-07,2.104654818683916e-16,1.5054145521914852e-09,0.034074173710931875,7.527071491359193e-10,0,0,0.0,0,0,0,0,[],[]
phase20_predictive_planner,1.02,165.0,8000.0,1.0,False,False,False,False,,,,,,False,,,False,0,,72083243341.39258,72083243341.39258,7807.331285071104,100000,False,True,max_steps,coast,"{""coast"": 99880, ""predictive_descent"": 120}",0.019607843137254777,2.512174155613607,0.956409083597835,0.22123411752543062,1.8689930297163235,False,0,0.014580116953619975,0.009803921568627437,2.5272958971697426,0.029256558656644043,0.7777371573722482,0,99880,0.0,0,0,2500,22500,[],[]
phase20_predictive_planner,1.05,165.0,8000.0,1.0,False,False,False,False,,,,,,False,,,False,0,,296933726237.5176,296933726237.5176,7821.743484109974,100000,False,True,max_steps,coast,"{""coast"": 99880, ""predictive_descent"": 120}",0.04761904761904765,2.576020825782158,0.942647084338374,0.20727345511242676,1.870789681075356,False,0,0.04422289551756022,0.023809523809523878,2.615421346426712,0.022074635036229126,0.7871010140124269,0,99880,0.0,0,0,2500,22500,[],[]
phase20_predictive_planner,0.98,170.0,8000.0,1.0,False,False,False,False,,,,,,False,,,False,0,,76241175967.17676,76241175967.17676,7370.388115220575,100000,False,True,max_steps,coast,"{""coast"": 99880, ""predictive_descent"": 120}",0.020408163265306496,2.384088968803458,0.9948060576000269,0.5795956973861693,1.8506449546822594,False,0,0.01531386761556849,0.010204081632653406,2.3702480791154237,0.020128657787653964,1.576623396987619,0,99880,0.0,0,0,2500,22500,[],[]
phase20_predictive_planner,1.0,170.0,8000.0,1.0,True,True,True,True,-69.01423483018289,-4727.470714164705,-0.01640397336941329,-1.1236711366960404,-2623.1083984375,False,0.9186216777498761,0.04348345057112868,False,1,42,1709.513671875,2275.509765625,11.434367729151932,266,True,False,success,phase76_handoff,"{""phase76_handoff"": 42}",2.104654818683916e-16,6.067846121554851e-10,0.984807753012208,1.0000000000000073,1.0000000000000073,False,0,4.632949875670622e-07,2.104654818683916e-16,6.067846121554851e-10,0.015192246987791962,3.0339234160109173e-10,0,0,0.0,0,0,0,0,[],[]
phase20_predictive_planner,1.02,170.0,8000.0,1.0,False,False,False,False,,,,,,False,,,False,0,,90669001859.67188,90669001859.67188,5947.008479442561,100000,False,True,max_steps,predictive_descent,"{""predictive_descent"": 100000}",0.01960784313725499,1.1638800771172697,0.9751049769494176,0.3761677728501608,1.7749994396937632,False,0,0.015817795097216352,0.009803921568627649,1.1655188778884424,0.010280457151176597,1.3788445216914833,0,0,0.0,0,0,2500,22500,[],[]
phase20_predictive_planner,1.05,170.0,8000.0,1.0,False,False,False,False,,,,,,False,,,False,0,,315583079010.0654,315583079010.0654,5953.857025871133,100000,False,True,max_steps,coast,"{""coast"": 99800, ""predictive_descent"": 200}",0.047619047619047436,1.1936766694980965,0.9610739580048949,0.33149367989975986,1.7684664604367275,False,0,0.04546453241303624,0.02380952380952366,1.1985185862355487,0.0029581412233598363,0.6586949693530337,0,99800,0.0,0,0,2500,22500,[],[]
phase20_predictive_planner,0.98,175.0,8000.0,1.0,False,False,False,False,,,,,,False,,,False,0,,79861176468.02734,79861176468.02734,7013.651143405971,100000,False,True,max_steps,coast,"{""coast"": 99880, ""predictive_descent"": 120}",0.020408163265306287,2.553964103785982,1.0063086091467979,0.8924458705110316,1.8959860515491949,False,0,0.01555643515091612,0.010204081632653197,2.5384244627481225,0.008798790486491197,0.1125637395386414,0,99880,0.0,0,0,2500,22500,[],[]
phase20_predictive_planner,1.0,175.0,8000.0,1.0,True,True,True,True,-31.058008674702325,-3664.12991433049,-0.0073821690331051645,-0.8709259717889519,-762.443359375,False,0.7055993803725469,0.02761116937756757,False,1,8,596.3916015625,607.4658203125,3.3645032623345292,230,True,False,success,phase76_handoff,"{""phase76_handoff"": 8}",2.104654818683916e-16,1.6197255112205923e-10,0.9961946980917454,1.0000000000000075,1.0000000000000075,False,0,4.020464845759737e-07,2.104654818683916e-16,1.6197255112205923e-10,0.0038053019082545138,8.098627137007804e-11,0,0,0.0,0,0,0,0,[],[]
phase20_predictive_planner,1.02,175.0,8000.0,1.0,False,False,False,False,,,,,,False,,,False,0,,87065890060.35059,87065890060.35059,6307.331404718206,100000,False,True,max_steps,predictive_descent,"{""predictive_descent"": 100000}",0.019607843137254777,1.4040115599188268,0.9863797326419318,0.36481126107613276,1.8503131721233128,False,0,0.015577592423665633,0.009803921568627437,1.408051675518015,0.0011632810242118924,1.3672328010358115,0,0,0.0,0,0,2500,22500,[],[]
phase20_predictive_planner,1.05,175.0,8000.0,1.0,False,False,False,False,,,,,,False,,,False,0,,312027784650.41113,312027784650.41113,6310.285141544167,100000,False,True,max_steps,predictive_descent,"{""coast"": 39920, ""predictive_descent"": 60080}",0.04761904761904765,1.4727669350815682,0.9721864785386766,0.3779297015446338,1.8429814424934339,False,0,0.04522768418450038,0.023809523809523878,1.4845861084586074,0.008570262013884953,1.3889384316494193,0,39920,0.0,0,0,2500,22500,[],[]
phase20_predictive_planner,0.98,150.0,10000.0,1.0,False,False,False,False,,,,,,False,,,False,0,,73503600577.52051,73503600577.52051,7641.444867204002,100000,False,True,max_steps,coast,"{""coast"": 99880, ""predictive_descent"": 120}",0.020408163265306076,2.28076684530052,0.8748177652797064,0.0464839898120614,1.8225166083328077,False,0,0.015131208993974738,0.01020408163265299,2.2679591768475147,0.1383156030192956,1.0462626624945388,0,99880,0.0,0,0,2500,22500,[],[]
phase20_predictive_planner,1.0,150.0,10000.0,1.0,True,True,True,True,-56.806558896857226,-3462.776521423222,-0.013502334433540864,-0.823066342493355,-3817.8857421875,False,0.6746558758239845,0.02052503083453011,False,1,1711,693.05859375,2453.6474609375,78.06700913583241,1927,True,False,success,phase76_handoff,"{""phase76_handoff"": 1711}",0.0,6.542913016537822e-10,0.8660254037844387,1.000000000000006,1.0000000000000058,False,0,2.9618460471386597e-06,0.0,6.542913016537822e-10,0.13397459621556124,3.271454664854056e-10,0,0,0.0,0,0,0,0,[],[]
phase20_predictive_planner,1.02,150.0,10000.0,1.0,False,False,False,False,,,,,,False,,,False,0,,87655012837.91504,87655012837.91504,6248.7963092026885,100000,False,True,max_steps,coast,"{""coast"": 99840, ""predictive_descent"": 160}",0.01960784313725499,1.26857778710544,0.8574929257125444,0.19758999741601208,1.8548228584815822,False,0,0.0156172871730592,0.009803921568627649,1.2712635649764943,0.12965524072353934,1.1989170022235835,0,99840,0.0,0,0,2500,22500,[],[]
phase20_predictive_planner,1.05,150.0,10000.0,1.0,False,False,False,False,,,,,,False,,,False,0,,312362174514.38184,312362174514.38184,6277.422441779943,100000,False,True,max_steps,coast,"{""coast"": 99840, ""predictive_descent"": 160}",0.04761904761904765,1.350728068785586,0.8451542547285167,0.2099886321584733,1.8679514733463263,False,0,0.045250483416067674,0.023809523809523878,1.3594962705052256,0.12321610416249097,1.2161146500090698,0,99840,0.0,0,0,2500,22500,[],[]
phase20_predictive_planner,0.98,165.0,10000.0,1.0,False,False,False,False,,,,,,False,,,False,0,,83618167850.35059,83618167850.35059,6638.428136086643,100000,False,True,max_steps,coast,"{""coast"": 99960, ""predictive_descent"": 40}",0.020408163265306076,2.4022249608839545,0.9757324312745989,0.9669976051605442,1.8555422156152144,False,0,0.01580653493683591,0.01020408163265299,2.3882027112751154,0.03891593766554585,0.03891735030532278,0,99960,0.0,0,0,2500,22500,[],[]
phase20_predictive_planner,1.0,165.0,10000.0,1.0,True,True,True,True,-44.60852682385054,-3025.2685757801814,-0.010602987744017904,-0.7190752063618795,-2523.248046875,False,0.5879837507187582,0.01630347108872191,False,1,41,1109.8916015625,1452.48828125,20.02351591027418,257,True,False,success,phase76_handoff,"{""phase76_handoff"": 41}",2.104654818683916e-16,3.8731520650728185e-10,0.9659258262890681,1.000000000000006,1.000000000000006,False,0,4.4768223066228917e-07,2.104654818683916e-16,3.8731520650728185e-10,0.034074173710931875,1.9365753166188975e-10,0,0,0.0,0,0,0,0,[],[]
phase20_predictive_planner,1.02,165.0,10000.0,1.0,False,False,False,False,,,,,,False,,,False,0,,149624832579.19238,149624832579.19238,4345.678956589375,865,True,False,radial_stall,coast,"{""coast"": 785, ""predictive_descent"": 80}",0.019607843137254777,0.16522473679460892,0.956409083597835,0.03462568379020242,1.4281227921411994,False,0,0.01996973284271074,0.009803921568627437,0.15687698416255508,0.029256558656644043,0.9648570788759904,0,785,0.0,0,0,22,198,[],[]
phase20_predictive_planner,1.05,165.0,10000.0,1.0,False,False,False,False,,,,,,False,,,False,0,,374623491045.89844,374623491045.89844,4360.936919001045,865,True,False,radial_stall,coast,"{""coast"": 785, ""predictive_descent"": 80}",0.04761904761904765,0.22831898996820993,0.942647084338374,0.020862883865299987,1.4217014470682159,False,0,0.04996066840948617,0.023809523809523878,0.20902696471741522,0.022074635036229126,0.9783573626146191,0,785,0.0,0,0,22,198,[],[]
phase20_predictive_planner,0.98,170.0,10000.0,1.0,False,False,False,False,,,,,,False,,,False,0,,87233323841.75,87233323841.75,6277.3382664235505,100000,False,True,max_steps,coast,"{""coast"": 99960, ""predictive_descent"": 40}",0.020408163265306496,2.1756347206130084,0.9948060576000269,0.9863812952385799,1.7934455875462758,False,0,0.01604764273940445,0.010204081632653406,2.163878373406878,0.020128657787653964,0.020130098041787628,0,99960,0.0,0,0,2500,22500,[],[]
phase20_predictive_planner,1.0,170.0,10000.0,1.0,True,True,True,True,-14.98621570953258,-4062.7001351939803,-0.0035620692457484443,-0.9656620114621247,-1402.0849609375,False,0.7768040924515426,0.02687945836559521,False,1,26,96.537109375,1044.1005859375,8.944379745003824,243,True,False,success,phase76_handoff,"{""phase76_handoff"": 26}",2.104654818683916e-16,2.7841236850026503e-10,0.984807753012208,1.0000000000000058,1.0000000000000058,False,0,4.240856750450103e-07,2.104654818683916e-16,2.7841236850026503e-10,0.015192246987791962,1.3920605199046318e-10,0,0,0.0,0,0,0,0,[],[]
phase20_predictive_planner,1.02,170.0,10000.0,1.0,False,False,False,False,,,,,,False,,,False,0,,101729350874.55957,101729350874.55957,4838.9773927922815,100000,False,True,max_steps,coast,"{""coast"": 99920, ""predictive_descent"": 80}",0.01960784313725499,0.35285986933378966,0.9751049769494176,0.05365873912033832,1.503874307863091,False,0,0.01655381925165146,0.009803921568627649,0.34638846802712764,0.010280457151176597,0.9458806923893647,0,99920,0.0,0,0,2500,22500,[],[]
phase20_predictive_planner,1.05,170.0,10000.0,1.0,False,False,False,False,,,,,,False,,,False,0,,326631529290.91895,326631529290.91895,4848.160341868105,100000,False,True,max_steps,coast,"{""coast"": 99920, ""predictive_descent"": 80}",0.047619047619047436,0.41325421172849236,0.9610739580048949,0.039531833269951834,1.4967104971748728,False,0,0.04620003002430198,0.02380952380952366,0.3985855670217047,0.0029581412233598363,0.9592405899147458,0,99920,0.0,0,0,2500,22500,[],[]
phase20_predictive_planner,0.98,175.0,10000.0,1.0,False,False,False,False,,,,,,False,,,False,0,,90906380198.01855,90906380198.01855,5910.295175908834,100000,False,True,max_steps,coast,"{""coast"": 99960, ""predictive_descent"": 40}",0.020408163265306287,1.9455285563660243,1.0063086091467979,0.9982810820470072,1.7281033879145407,False,0,0.01629257217136181,0.010204081632653197,1.9360732708023638,0.008798790486491197,0.008800247393698672,0,99960,0.0,0,0,2500,22500,[],[]
phase20_predictive_planner,1.0,175.0,10000.0,1.0,True,True,True,True,-79.19029577566481,-3603.0741488999756,-0.01882271833073839,-0.8564136446924371,-4727.6806640625,False,0.7077181783811932,0.021957297513013917,False,1,7,2218.6337890625,2824.8642578125,3.50178163891905,224,True,False,success,phase76_handoff,"{""phase76_handoff"": 7}",2.104654818683916e-16,7.532826887231708e-10,0.9961946980917454,1.0000000000000058,1.0000000000000058,False,0,3.9194432095307846e-07,2.104654818683916e-16,7.532826887231708e-10,0.0038053019082545138,3.766413375752306e-10,0,0,0.0,0,0,0,0,[],[]
phase20_predictive_planner,1.02,175.0,10000.0,1.0,False,False,False,False,,,,,,False,,,False,0,,98126444131.70605,98126444131.70605,5199.259923677327,100000,False,True,max_steps,coast,"{""coast"": 99920, ""predictive_descent"": 80}",0.019607843137254777,0.557622752993611,0.9863797326419318,0.06503618844322666,1.5770819442013588,False,0,0.016313625613657932,0.009803921568627437,0.5531989805235472,0.0011632810242118924,0.9344366758638073,0,99920,0.0,0,0,2500,22500,[],[]
phase20_predictive_planner,1.05,175.0,10000.0,1.0,False,False,False,False,,,,,,False,,,False,0,,323080428582.16797,323080428582.16797,5203.265663194206,100000,False,True,max_steps,coast,"{""coast"": 99920, ""predictive_descent"": 80}",0.04761904761904765,0.6150707289801124,0.9721864785386766,0.050736312379990205,1.5692183820657692,False,0,0.04596329091272327,0.023809523809523878,0.6054474972046152,0.008570262013884953,0.9477119142796911,0,99920,0.0,0,0,2500,22500,[],[]
phase20_predictive_planner,0.98,150.0,12000.0,1.0,False,False,False,False,,,,,,False,,,False,0,,95577037244.05957,95577037244.05957,5437.1769959579515,100000,False,True,max_steps,coast,"{""coast"": 99920, ""predictive_descent"": 80}",0.020408163265306076,1.1504708895746707,0.8748177652797064,0.7115308592344252,1.4802962248564964,False,0,0.016602338880699084,0.01020408163265299,1.148966180678924,0.1383156030192956,0.2939617604035684,0,99920,0.0,0,0,2500,22500,[],[]
phase20_predictive_planner,1.0,150.0,12000.0,1.0,True,True,True,True,-39.80874820360246,-4852.3106761866475,-0.009462129762191896,-1.1533443108967762,-1244.0107421875,False,0.9340300045979194,0.03135376273812549,False,4,55,51.9462890625,217.6943359375,21.73237089833826,270,True,False,success,phase76_handoff,"{""phase76_handoff"": 55}",0.0,5.8064900861706823e-11,0.8660254037844387,1.000000000000005,1.0000000000000049,False,0,4.690833186853781e-07,0.0,5.8064900861706823e-11,0.13397459621556124,2.9032625308901102e-11,0,0,0.0,0,0,0,0,[],[]
phase20_predictive_planner,1.02,150.0,12000.0,1.0,False,False,False,False,,,,,,False,,,False,0,,149620337131.72852,149620337131.72852,4442.661934961422,860,True,False,radial_stall,coast,"{""coast"": 780, ""predictive_descent"": 80}",0.01960784313725499,0.2785604112244225,0.8574929257125444,0.2486619065189604,1.3830460481120777,False,0,0.01996960734570092,0.009803921568627649,0.2713460153366668,0.12965524072353934,1.2523762619859795,0,780,0.0,0,0,22,198,[],[]
phase20_predictive_planner,1.05,150.0,12000.0,1.0,False,False,False,False,,,,,,False,,,False,0,,328960131292.9336,328960131292.9336,4614.793348465388,100000,False,True,max_steps,coast,"{""coast"": 99920, ""predictive_descent"": 80}",0.04761904761904765,0.35638230980287666,0.8451542547285167,0.2625231290384845,1.3810571699195355,False,0,0.04635524418266683,0.023809523809523878,0.3402918675479486,0.12321610416249097,1.2707557564729326,0,99920,0.0,0,0,2500,22500,[],[]
phase20_predictive_planner,0.98,165.0,12000.0,1.0,False,False,False,False,,,,,,False,,,False,0,,72677942589.08496,72677942589.08496,7724.837487893811,100000,False,True,max_steps,coast,"{""coast"": 99880, ""predictive_descent"": 120}",0.020408163265306076,2.3678835879240063,0.9757324312745989,0.12905249092399856,1.8462624635077896,False,0,0.015076644094676007,0.01020408163265299,2.354204752044766,0.03891593766554585,1.1284523039542778,0,99880,0.0,0,0,2500,22500,[],[]
phase20_predictive_planner,1.0,165.0,12000.0,1.0,True,True,True,True,-49.89490215814327,-3804.1918098357014,-0.011859504757034702,-0.904217242924399,-3756.763671875,False,0.7376052005488627,0.020534347013872814,False,1,47,861.8408203125,1917.5859375,12.276941494087875,260,True,False,success,phase76_handoff,"{""phase76_handoff"": 47}",2.104654818683916e-16,5.113431463687706e-10,0.9659258262890681,1.0000000000000049,1.0000000000000049,False,0,4.53347220796274e-07,2.104654818683916e-16,5.113431463687706e-10,0.034074173710931875,2.556716006393791e-10,0,0,0.0,0,0,0,0,[],[]
phase20_predictive_planner,1.02,165.0,12000.0,1.0,False,False,False,False,,,,,,False,,,False,0,,94201346339.39062,94201346339.39062,5591.789594267276,100000,False,True,max_steps,coast,"{""coast"": 99920, ""predictive_descent"": 80}",0.019607843137254777,0.8144499194979767,0.956409083597835,0.15083254334560356,1.6332605340252782,False,0,0.01605205292395984,0.009803921568627437,0.8125944186929566,0.029256558656644043,1.1519765324538946,0,99920,0.0,0,0,2500,22500,[],[]
phase20_predictive_planner,1.05,165.0,12000.0,1.0,False,False,False,False,,,,,,False,,,False,0,,319053047028.8779,319053047028.8779,5605.964842304953,100000,False,True,max_steps,coast,"{""coast"": 99920, ""predictive_descent"": 80}",0.04761904761904765,0.8845608346846637,0.942647084338374,0.16466435481658614,1.6282452369472966,False,0,0.045694885666369284,0.023809523809523878,0.8816748555517804,0.022074635036229126,1.1696132622808957,0,99920,0.0,0,0,2500,22500,[],[]
phase20_predictive_planner,0.98,170.0,12000.0,1.0,False,False,False,False,,,,,,False,,,False,0,,76298194216.76562,76298194216.76562,7362.753470091987,100000,False,True,max_steps,coast,"{""coast"": 99880, ""predictive_descent"": 120}",0.020408163265306496,2.0537781927310266,0.9948060576000269,0.11023136265988735,1.7591420905655575,False,0,0.0153179783476049,0.010204081632653406,2.043240410803716,0.020128657787653964,1.109665228531562,0,99880,0.0,0,0,2500,22500,[],[]
phase20_predictive_planner,1.0,170.0,12000.0,1.0,True,True,True,True,-59.11783526958399,-2644.140708489538,-0.014051701041181388,-0.628485034627588,-4974.4609375,False,0.5196500696147496,0.011302579212861713,False,1,19,567.279296875,2772.2412109375,6.334229874531584,231,True,False,success,phase76_handoff,"{""phase76_handoff"": 19}",2.104654818683916e-16,7.392509550470052e-10,0.984807753012208,1.000000000000005,1.0000000000000049,False,0,4.0389829571496205e-07,2.104654818683916e-16,7.392509550470052e-10,0.015192246987791962,3.696254979829826e-10,0,0,0.0,0,0,0,0,[],[]
phase20_predictive_planner,1.02,170.0,12000.0,1.0,False,False,False,False,,,,,,False,,,False,0,,90652729375.9082,90652729375.9082,5946.716243031799,100000,False,True,max_steps,coast,"{""coast"": 99920, ""predictive_descent"": 80}",0.01960784313725499,1.0396120557289614,0.9751049769494176,0.13206065191763178,1.712910905025318,False,0,0.015815495623123708,0.009803921568627649,1.040008176286251,0.010280457151176597,1.1330000889710408,0,99920,0.0,0,0,2500,22500,[],[]
phase20_predictive_planner,1.05,170.0,12000.0,1.0,False,False,False,False,,,,,,False,,,False,0,,315555454265.1885,315555454265.1885,5955.791440419789,100000,False,True,max_steps,coast,"{""coast"": 99920, ""predictive_descent"": 80}",0.047619047619047436,1.1064830789009705,0.9610739580048949,0.14617069339136066,1.707006518231679,False,0,0.04546173053425591,0.02380952380952366,1.1091451558734948,0.0029581412233598363,1.1504964338036183,0,99920,0.0,0,0,2500,22500,[],[]
phase20_predictive_planner,0.98,175.0,12000.0,1.0,False,False,False,False,,,,,,False,,,False,0,,79974350106.51172,79974350106.51172,6995.103310573177,100000,False,True,max_steps,coast,"{""coast"": 99880, ""predictive_descent"": 120}",0.020408163265306287,1.7522032378901389,1.0063086091467979,0.09889217128570967,1.6712292375714448,False,0,0.01556304523095399,0.010204081632653197,1.7446812055112373,0.008798790486491197,1.0983355551903646,0,99880,0.0,0,0,2500,22500,[],[]
phase20_predictive_planner,1.0,175.0,12000.0,1.0,True,True,True,True,-49.59440466036998,-3805.3841505526866,-0.011788079594339244,-0.9045006500420295,-4449.8916015625,False,0.7377462161401496,0.02054370229463622,False,1,25,509.548828125,2621.802734375,2.228509408401243,238,True,False,success,phase76_handoff,"{""phase76_handoff"": 25}",2.104654818683916e-16,6.99134129548071e-10,0.9961946980917454,1.0000000000000049,1.0000000000000049,False,0,4.161105787678352e-07,2.104654818683916e-16,6.99134129548071e-10,0.0038053019082545138,3.4956702192990726e-10,0,0,0.0,0,0,0,0,[],[]
phase20_predictive_planner,1.02,175.0,12000.0,1.0,False,False,False,False,,,,,,False,,,False,0,,87049339120.22949,87049339120.22949,6307.093388739114,100000,False,True,max_steps,coast,"{""coast"": 99920, ""predictive_descent"": 80}",0.019607843137254777,1.285327501664824,0.9863797326419318,0.12075473754988295,1.7901740486682165,False,0,0.015575280541169845,0.009803921568627437,1.2881807766814721,0.0011632810242118924,1.121556016775449,0,99920,0.0,0,0,2500,22500,[],[]
phase20_predictive_planner,1.05,175.0,12000.0,1.0,False,False,False,False,,,,,,False,,,False,0,,312003890918.2959,312003890918.2959,6310.987263919418,100000,False,True,max_steps,coast,"{""coast"": 99920, ""predictive_descent"": 80}",0.04761904761904765,1.3486628857624927,0.9721864785386766,0.1350346973777738,1.783433768459546,False,0,0.04522497090113882,0.023809523809523878,1.357379457906555,0.008570262013884953,1.1389677036890078,0,99920,0.0,0,0,2500,22500,[],[]
