Epoch,Return,Loss_pi,Loss_v
1,3.2924282997846603,1.1881786584854126,0.0008428090950474143
2,2.8045882591977715,0.551663339138031,0.000991263659670949
3,2.7644382948055863,0.39464879035949707,0.0009624686208553612
4,2.743045037612319,1.2483162879943848,0.0012043226743116975
5,2.7135022869333625,0.4887000620365143,0.0014787552645429969
6,2.6629132805392146,0.36004576086997986,0.0017141103744506836
7,2.6270172242075205,0.8063175678253174,0.001921547926031053
8,2.6268761418759823,0.7026413083076477,0.002141288248822093
9,2.6269471291452646,0.3705126643180847,0.002352470299229026
10,2.6279654605314136,0.453529953956604,0.0025661857798695564
11,2.62897333689034,0.30460700392723083,0.002790842903777957
12,2.6332195866853,0.440177857875824,0.0030391865875571966
13,2.629041027277708,0.33441266417503357,0.003286832245066762
14,2.6279719034209847,0.2735835015773773,0.0035467129200696945
15,2.636444360949099,0.5071122646331787,0.003828861750662327
16,2.6575792795047164,0.4569361209869385,0.004174223635345697
17,2.8029279047623277,0.40134531259536743,0.004833510611206293
18,2.8567542703822255,0.46856746077537537,0.005312190391123295
19,2.853619933128357,0.5161635279655457,0.00560029735788703
20,2.8627360789105296,0.7390533089637756,0.00586562929674983
21,2.865690378472209,0.5013133883476257,0.006077375262975693
22,2.8809972358867526,0.26090583205223083,0.006295917555689812
23,2.9577424935996532,0.3853290379047394,0.006681269966065884
24,3.58387259952724,0.5111535787582397,0.007417189422994852
25,2.9943935200572014,0.9106837511062622,0.008140318095684052
26,2.7487257458269596,0.34338927268981934,0.008752974681556225
27,2.735750265419483,0.6169406175613403,0.008552677929401398
28,2.735726867802441,0.5021520256996155,0.008294505067169666
29,2.735717013478279,0.41222310066223145,0.008063985966145992
30,2.7357167750597,0.5163185596466064,0.007858806289732456
31,2.7357167750597,0.3963140547275543,0.007673852611333132
32,2.7357167750597,0.47184982895851135,0.007505443878471851
33,2.7357167750597,0.44791731238365173,0.0073505546897649765
34,2.73572429548949,2.92130184173584,0.00720653310418129
35,2.7357228361070156,0.6612316370010376,0.007071721833199263
36,2.735716904513538,0.8752955198287964,0.006944071035832167
37,2.7357167750597,0.5864116549491882,0.0068220035172998905
38,2.735719255171716,0.4173412322998047,0.0067048585042357445
39,2.7357167750597,1.0792754888534546,0.006590493954718113
40,2.7357209902256727,0.6191489100456238,0.006479224655777216
41,2.735725103877485,0.2837771475315094,0.006370067596435547
42,2.735753449611366,0.6049933433532715,0.006263997405767441
43,2.7357637360692024,0.2775064706802368,0.006157938856631517
44,2.735773733817041,0.6324613094329834,0.006052388809621334
45,2.7357454523444176,0.44418004155158997,0.005944692064076662
46,2.7357400376349688,0.6896532773971558,0.005839550867676735
47,2.735753090120852,0.4760967195034027,0.005733896046876907
48,2.7357167750597,0.5903444290161133,0.005623638164252043
49,2.7357167750597,0.4199194610118866,0.005515094846487045
50,2.7357167750597,0.3865080773830414,0.005404490511864424
51,2.7357167750597,0.4245396852493286,0.005291022825986147
52,2.7357167750597,0.8544870018959045,0.005174071528017521
53,2.735729261301458,0.4925626814365387,0.005054478999227285
54,2.7357167750597,0.38013195991516113,0.0049294363707304
55,2.735719719901681,1.5357739925384521,0.004803461022675037
56,2.7357520423829556,0.23693424463272095,0.004681100137531757
57,2.7359588854014874,0.701399028301239,0.004581859335303307
58,2.7357785357162356,0.6937664747238159,0.004428461194038391
59,2.8523307014256716,0.39056918025016785,0.005529065150767565
60,3.1129815662279725,0.995019793510437,0.007454092614352703
61,2.85694267321378,0.6785246133804321,0.008039001375436783
62,2.7287017796188593,0.6370932459831238,0.012667106464505196
63,2.6862545115873218,0.35242608189582825,0.01402029674500227
64,2.669752019457519,0.5611684322357178,0.013304982334375381
65,2.640895181335509,0.44607752561569214,0.0129340048879385
66,2.632469879463315,0.34314459562301636,0.012520285323262215
67,2.633418070152402,0.6084999442100525,0.011922086589038372
68,2.627023517154157,0.40218788385391235,0.011490858159959316
69,2.6279363371431828,0.7656928300857544,0.011076628230512142
70,2.629012016579509,0.5715223550796509,0.010589431039988995
71,2.629093062132597,0.3940308690071106,0.010155269876122475
72,2.633359241299331,0.3284602761268616,0.009687872603535652
73,2.631263785995543,1.186429738998413,0.009373710490763187
74,2.6387874828651547,0.593733549118042,0.008924758061766624
75,2.6617338843643665,0.48668819665908813,0.008414666168391705
76,2.682410454377532,0.2654886841773987,0.0080556096509099
77,2.7224639849737287,0.47849687933921814,0.007725218310952187
78,2.7145597273483872,0.6660139560699463,0.007756957318633795
79,2.725722665898502,0.5957347750663757,0.00750111136585474
80,2.7289076298475266,0.443491667509079,0.007297651842236519
81,2.7513018930330873,0.9529273509979248,0.00717206671833992
82,2.734982257708907,0.46671098470687866,0.007125087548047304
83,2.70057091768831,0.6160886287689209,0.007977320812642574
84,2.7156031066551805,0.6204442977905273,0.008136877790093422
85,2.734860452823341,0.4221530556678772,0.00799543410539627
86,2.744020943529904,0.7015675902366638,0.007727349177002907
87,2.763073153793812,0.4437742233276367,0.007806704379618168
88,2.708479152061045,0.3315533399581909,0.007224250119179487
89,2.6891610268503428,0.4359278380870819,0.006898445542901754
90,2.6806009355932474,0.2620459198951721,0.006534692831337452
91,2.653907172381878,0.36353495717048645,0.006058727391064167
92,2.8572568418458104,0.45512327551841736,0.005774085875600576
93,2.8779623294249177,0.7599498629570007,0.0057087852619588375
94,2.880936282686889,1.60589599609375,0.005626971367746592
95,2.8871476016938686,1.076114296913147,0.005594577640295029
96,2.9392173420637846,0.33937519788742065,0.005751487333327532
97,2.9028894659131765,0.935127854347229,0.005541934631764889
98,2.9422910511493683,1.0522663593292236,0.005553205031901598
99,2.8932254314422607,0.8135092854499817,0.005045050289481878
100,2.8687187619507313,0.6742579340934753,0.004767959006130695
101,2.8716983254998922,0.4908383786678314,0.004562753718346357
102,2.8778354227542877,0.5484737753868103,0.004423223435878754
103,2.8777734730392694,0.37683334946632385,0.004238870460540056
104,2.896265516988933,0.820012092590332,0.004263313487172127
105,2.9366131089627743,0.5784671902656555,0.004563156981021166
106,3.289870509877801,0.2740824222564697,0.006332793273031712
107,3.5286978585645556,0.49895504117012024,0.006939582992345095
108,3.538066253066063,0.9485116600990295,0.006965720094740391
109,3.4840030958876014,0.2998078465461731,0.006780980620533228
110,3.582393645308912,1.0284709930419922,0.006722248625010252
111,2.8999498318880796,0.788091242313385,0.008184992708265781
112,2.850448753684759,0.923869788646698,0.008687876164913177
113,2.8288232618942857,0.77713942527771,0.008642514236271381
114,2.7853091452270746,0.7002109289169312,0.009648307226598263
115,2.7761064609512687,10.137064933776855,0.008965701796114445
116,2.815807986073196,0.4001126289367676,0.008359597064554691
117,2.7952931625768542,0.42052996158599854,0.007094341330230236
118,2.8676226008683443,0.43969252705574036,0.006677381228655577
119,2.819389113225043,0.45370322465896606,0.006466234568506479
120,2.813127596862614,0.8096338510513306,0.006004903931170702
121,2.87456186581403,0.9274092316627502,0.005178184248507023
122,2.8422319684177637,0.5989669561386108,0.00444016233086586
123,2.8317006127908826,3.734628915786743,0.005089057609438896
124,2.7361133620142937,0.46856650710105896,0.010048520751297474
125,2.7357416916638613,0.38923195004463196,0.009674887172877789
126,2.7357578594237566,0.524707555770874,0.009020639583468437
127,2.7357393372803926,1.1182512044906616,0.008452835492789745
128,2.7357540437951684,0.4877081513404846,0.007921760901808739
129,2.7357245553284883,0.5794248580932617,0.00743581959977746
130,2.7357294345274568,1.6874734163284302,0.006972476840019226
131,2.73575827665627,0.6209651231765747,0.006535720080137253
132,2.7357167750597,0.5273794531822205,0.0061721946112811565
133,2.735726160928607,0.40830105543136597,0.005816024728119373
134,2.7357219299301505,0.4761188328266144,0.005493585951626301
135,2.7357238782569766,0.3139716684818268,0.005195125006139278
136,2.735747803002596,0.49534323811531067,0.004910091869533062
137,2.735731726512313,0.6002424955368042,0.004655026830732822
138,2.73575621843338,0.910175085067749,0.0043982709757983685
139,2.735755331814289,2.5091331005096436,0.004154296591877937
140,2.7357576759532094,0.36680638790130615,0.0039335801266133785
141,2.735778519883752,1.1712161302566528,0.003700608154758811
142,2.7357244808226824,0.6462923884391785,0.003501514671370387
143,2.7357419840991497,0.45887091755867004,0.003294312860816717
144,2.7357382643967867,5.670406818389893,0.0031069349497556686
145,2.7397675085812807,0.8039371371269226,0.0026979767717421055
146,2.753518464975059,1.1565496921539307,0.00216083531267941
147,2.7565919160842896,0.9616087079048157,0.0020333719439804554
148,2.7690911535173655,0.6155673861503601,0.001906628836877644
149,2.7903695916756988,1.3214167356491089,0.0019339198479428887
150,2.7568549187853932,0.4728226065635681,0.0019012654665857553
151,2.7568923654034734,0.3605007231235504,0.001755734090693295
152,2.774820233695209,0.7059245705604553,0.0017977316165342927
153,2.7626318093389273,1.3817049264907837,0.0018075605621561408
154,2.7447272166609764,1.2158418893814087,0.0017184276366606355
155,2.793434163555503,1.1385066509246826,0.0015838705003261566
156,2.7658536843955517,0.6811515092849731,0.0016991321463137865
157,2.7508019832894206,1.4142241477966309,0.0016650890465825796
158,2.759773147292435,0.4725830852985382,0.0016890625702217221
159,2.756767924875021,1.0079827308654785,0.0016529863933101296
160,2.7535147266462445,2.147329568862915,0.0016412650002166629
161,2.7537650670856237,1.3906604051589966,0.001575739006511867
162,2.765994254499674,1.9259026050567627,0.0014481411781162024
163,2.787867469713092,0.6318135261535645,0.0013040675548836589
164,2.787862777709961,0.4426622986793518,0.0013334417017176747
165,2.8062536055222154,0.6533430814743042,0.0012666241964325309
166,2.8004748756065965,0.5960841774940491,0.001189843169413507
167,2.7880929531529546,1.9323961734771729,0.0012631637509912252
168,2.8002444952726364,0.9431799650192261,0.0012470614165067673
169,2.779404285363853,1.481958031654358,0.0012554603163152933
170,2.8125187680125237,0.699541449546814,0.001215625088661909
171,2.830445040948689,0.7462283968925476,0.0012260688235983253
172,2.806275136768818,0.510170042514801,0.0012399958213791251
173,2.7948628505691886,0.8204456567764282,0.0011464024428278208
174,2.775541809387505,0.4307091236114502,0.001331450417637825
175,2.7849485566839576,1.4552843570709229,0.0012923796894028783
176,2.7941649993881583,2.535512685775757,0.0012113251723349094
177,2.856055401265621,0.9169381856918335,0.0009979397291317582
178,2.8107897471636534,1.995138168334961,0.001039456226862967
179,2.8360345186665654,2.6064000129699707,0.0008857300272211432
180,2.94286169949919,0.5284662246704102,0.0008390237926505506
181,2.966415349394083,0.8416444659233093,0.0009225381654687226
182,2.9034786568954587,4.751399517059326,0.0008894976926967502
183,3.1059747813269496,0.5350923538208008,0.0009321676916442811
184,3.5817640237510204,0.5696515440940857,0.001235621515661478
185,3.5841377647593617,1.4046940803527832,0.0012624940136447549
186,3.5724539002403617,3.490494728088379,0.0014461190439760685
187,3.0788082629442215,0.345734566450119,0.0013348712818697095
188,2.891334087587893,0.4870225191116333,0.0014607671182602644
189,3.581206158734858,0.5387718081474304,0.0016861784970387816
190,3.5645133648067713,1.0612702369689941,0.0017224212642759085
191,3.1543129812926054,0.8306021690368652,0.0016046535456553102
192,2.915315415710211,2.058560371398926,0.0017326007364317775
193,2.8566008806228638,0.6917514204978943,0.001795568852685392
194,2.8681043023243546,0.24733488261699677,0.0017218035645782948
195,2.8349479222670197,0.5745982527732849,0.0015833736397325993
196,2.9570641284808517,0.4768860638141632,0.0012842149008065462
197,2.7796509312465787,0.7164339423179626,0.0015901512233540416
198,2.820415955968201,1.223740816116333,0.0012881015427410603
199,2.8071325412020087,0.6880523562431335,0.0013897483004257083
200,2.8010325580835342,3.2241406440734863,0.0013066126266494393
201,2.8092041220515966,0.8498135805130005,0.001361765549518168
202,2.7874790001660585,0.5291416645050049,0.001523438491858542
203,2.7909589149057865,0.44705408811569214,0.0014049550518393517
204,2.769254682585597,0.41766515374183655,0.0014579703565686941
205,2.7689904049038887,0.5044698119163513,0.0014813636662438512
206,2.762986241839826,0.7058387994766235,0.0013821092434227467
207,2.7594211008399725,0.9172847270965576,0.0014389223651960492
208,2.7719492437317967,0.9919923543930054,0.0013667682651430368
209,2.762666936032474,1.6362217664718628,0.001306119840592146
210,2.7877975925803185,0.7077880501747131,0.0011843928368762136
211,2.787757473066449,3.403939723968506,0.0011153646046295762
212,2.765800893306732,0.3006320893764496,0.0013322880258783698
213,2.761817661114037,0.8219608664512634,0.0014090373879298568
214,2.752747409977019,0.5038098096847534,0.0014226911589503288
215,2.752906398847699,1.461966872215271,0.0013651172630488873
216,2.75969897583127,0.77779221534729,0.0012453721137717366
217,2.7562770219519734,0.7359281182289124,0.0012645097449421883
218,2.753187376074493,0.9436307549476624,0.001316696754656732
219,2.7651429176330566,0.707719087600708,0.0012630405835807323
220,2.7504994701594114,0.8198877573013306,0.0011981363641098142
221,2.750408321619034,0.6334728002548218,0.001211209106259048
222,2.7468168195337057,2.479145050048828,0.0012738693039864302
223,2.7685974910855293,0.7524255514144897,0.0011102628195658326
224,2.7938156723976135,1.7231374979019165,0.0009852887596935034
225,2.803022329695523,0.8944231271743774,0.0009888424538075924
226,2.769417488016188,0.4031555652618408,0.0009709566948004067
227,2.779409340582788,0.8116340637207031,0.0009430613135918975
228,2.8219507839530706,1.0002638101577759,0.0008704123320057988
229,2.788013022392988,1.8302913904190063,0.0010153681505471468
230,2.7822799468412995,1.1111115217208862,0.0010206109145656228
231,2.7974904952570796,1.0822445154190063,0.0009721507667563856
232,2.7970529925078154,2.0108020305633545,0.0010610445169731975
233,2.7968844193965197,1.0175045728683472,0.0011384085519239306
234,2.772977102547884,0.6941023468971252,0.0011034616036340594
235,2.815396315418184,2.199730396270752,0.001004714285954833
236,2.8530080365017056,0.7839968800544739,0.0008621748420409858
237,2.892558356747031,1.7389698028564453,0.0008725290535949171
238,2.8170173298567533,0.5076093673706055,0.0009574344148859382
239,2.819566941820085,0.9771834015846252,0.0009633016888983548
240,2.8708233051002026,5.00272274017334,0.0009203458903357387
241,2.788083086721599,0.9211262464523315,0.001201437902636826
242,2.793745712377131,0.5107694268226624,0.001292917411774397
243,2.7846960285678506,0.9027101397514343,0.0012653187150135636
244,2.7786329574882984,0.41853517293930054,0.0012114036362618208
245,2.7573284516111016,0.49864324927330017,0.001263931393623352
246,2.7752608535811305,0.8752540946006775,0.0012251916341483593
247,2.769354036077857,0.6161615252494812,0.0012191444402560592
248,2.7753519657999277,0.4966396689414978,0.001169466064311564
249,2.7939418461173773,1.2088357210159302,0.0011323863873258233
250,2.779490656219423,0.8588392734527588,0.0010123536922037601
251,2.806948688812554,0.9219293594360352,0.0009986343793570995
252,2.819113353267312,0.28798240423202515,0.000940200814511627
253,2.793968087993562,1.2421040534973145,0.0011374637251719832
254,2.7884721690788865,0.574889600276947,0.0010750230867415667
255,2.825266797095537,0.3260725438594818,0.0009428350604139268
256,2.846362446434796,0.524931788444519,0.0009662469383329153
257,2.7862981129437685,0.6990806460380554,0.0009579108445905149
258,2.8040671683847904,1.0478205680847168,0.0009914744878187776
259,2.785289041697979,1.1788630485534668,0.0010979326907545328
260,2.7797430381178856,0.45037057995796204,0.0010501673677936196
261,2.8227845383808017,3.102102041244507,0.0009691892191767693
262,2.8255030661821365,0.6680447459220886,0.0009916231501847506
263,2.8136506667360663,0.4625380337238312,0.0009297952055931091
264,2.853102868422866,0.4818282127380371,0.000966448918916285
265,2.8624072559177876,0.8833521604537964,0.0008996672695502639
266,2.795408825390041,0.7191084027290344,0.001022503711283207
267,2.81312274094671,0.5011199712753296,0.0010891604470089078
268,2.8187564061954618,0.6646592617034912,0.001160482526756823
269,2.8192419074475765,1.0547453165054321,0.0010357884457334876
270,2.8498890548944473,1.5561784505844116,0.000993870198726654
271,2.7733695805072784,0.7731369733810425,0.0010968794813379645
272,2.816040596924722,0.8258804678916931,0.0011136787943542004
273,2.7794630294665694,0.49740147590637207,0.001089074881747365
274,2.809632830321789,0.9374756813049316,0.0011066374136134982
275,2.8156015388667583,0.784428596496582,0.0011068281019106507
276,2.7939734449610114,0.8278375267982483,0.0012194188311696053
277,2.763380234129727,0.9811961650848389,0.0012589864199981093
278,2.80923827085644,3.7358875274658203,0.0011245189234614372
279,2.769534856081009,1.0940150022506714,0.0012216693721711636
280,2.793700031004846,1.3040562868118286,0.0012101487955078483
281,2.766144471243024,0.6532267928123474,0.0012588283279910684
282,2.7469329750165343,4.465712070465088,0.001439044950529933
283,2.7569805150851607,0.5029537677764893,0.0012738507939502597
284,2.784407692961395,1.1096642017364502,0.0011545156594365835
285,2.7518746610730886,0.5962732434272766,0.0010466864332556725
286,2.8425824232399464,1.1971696615219116,0.001006666338071227
287,2.8129918621852994,0.4446369707584381,0.0009544447530061007
288,2.7975140986964107,2.3358490467071533,0.0010068250121548772
289,2.7693039821460843,0.7792055606842041,0.001170976902358234
290,2.7757331803441048,0.7695040106773376,0.0011847078567370772
291,2.7848525755107403,0.7185152769088745,0.0011437945067882538
292,2.793886847794056,0.3442305028438568,0.001124850008636713
293,2.7663298370316625,0.40322640538215637,0.001210326561704278
294,2.7693267008289695,0.5251715183258057,0.0011992737418040633
295,2.772137874737382,1.231600046157837,0.0012451659422367811
296,2.7632852140814066,0.5006840825080872,0.001228193286806345
297,2.7596494667232037,0.8038649559020996,0.0012678856728598475
298,2.7720900708809495,1.3353253602981567,0.001230068621225655
299,2.802821242250502,0.9313071370124817,0.001119161257520318
300,2.7788991080597043,0.5129708647727966,0.0010529649443924427
301,2.8248381232842803,0.5056498050689697,0.0009642087388783693
302,2.782760883681476,2.507197141647339,0.0009750914759933949
303,2.8158696414902806,0.37512579560279846,0.0010343423346057534
304,2.784949696622789,0.6944884657859802,0.0011262284824624658
305,2.775417967699468,0.9431288242340088,0.0012596941087394953
306,2.7564122676849365,0.3705984055995941,0.0013684681616723537
307,2.7501970175653696,0.4128414988517761,0.0013609176967293024
308,2.756368098780513,0.7910804152488708,0.0012961266329512
309,2.753102518618107,1.0498747825622559,0.0013087682891637087
310,2.7529708920046687,2.2071642875671387,0.0013387507060542703
311,2.7651078207418323,0.740369975566864,0.0012725950218737125
312,2.7528729839250445,0.47389498353004456,0.0013249405892565846
313,2.753340968862176,0.7775379419326782,0.0012460424331948161
314,2.7530713891610503,1.512330174446106,0.001236752257682383
315,2.762088689021766,1.4320882558822632,0.0012371494667604566
316,2.752502947114408,1.8074619770050049,0.0013213441707193851
317,2.740123461931944,0.7547855973243713,0.001330545754171908
318,2.740333662368357,4.167226314544678,0.001301234937272966
319,2.8684659833088517,1.9814642667770386,0.0006218246999196708
320,3.582713045179844,1.1752228736877441,0.0008574508829042315
321,3.5829158732667565,0.8967263102531433,0.0008737655589357018
322,3.582669506780803,0.905207633972168,0.0010902241338044405
323,3.583237189799547,0.9172338843345642,0.0012925028568133712
324,3.5829197354614735,3.7122318744659424,0.00152592861559242
325,3.3497810419648886,1.0622082948684692,0.0015695091569796205
326,3.2924660090357065,1.0270462036132812,0.0015258688945323229
327,3.259185766801238,1.7585208415985107,0.0015344524290412664
328,3.498298124410212,3.050201416015625,0.001974384533241391
329,3.583204417489469,2.1982309818267822,0.0019727987237274647
330,3.5826447755098343,0.7528597116470337,0.002181651769205928
331,3.581419107504189,0.6551961898803711,0.002406702609732747
332,3.5820925310254097,0.7240458130836487,0.002445745514705777
333,3.5837614787742496,0.760009229183197,0.0024790021125227213
334,3.5796831687912345,0.9599863886833191,0.0024687997065484524
335,3.582976672798395,0.6288480162620544,0.0025967631954699755
336,3.5827450873330235,3.451571464538574,0.0025340153370052576
337,3.468035353347659,2.0881898403167725,0.002624022774398327
338,3.137829621322453,0.49161434173583984,0.001979632768779993
339,3.4165744315832853,1.367843747138977,0.002256635343655944
340,3.3896632390096784,7.606016159057617,0.0021365119609981775
341,3.067898577079177,0.38312187790870667,0.0014423336833715439
342,2.957869417965412,0.991328239440918,0.0012606563977897167
343,2.963776125572622,0.856747031211853,0.0011414728360250592
344,2.9486192306503654,0.5149574875831604,0.001073861145414412
345,2.969713555648923,0.9373844861984253,0.0010070843854919076
346,2.9911388885229826,0.6659952998161316,0.0009805436711758375
347,2.951555911451578,0.7270384430885315,0.0008920563268475235
348,2.9543611258268356,0.7273604869842529,0.0008826515404507518
349,2.9329134235158563,0.6854812502861023,0.0008187882485799491
350,2.9389327662065625,0.5002281069755554,0.000792256963904947
351,2.9330074451863766,1.0177886486053467,0.0007812862168066204
352,2.936277074739337,1.3334455490112305,0.0008014728082343936
353,2.9024766013026237,0.4490795135498047,0.00075278349686414
354,2.899200494401157,0.9092645049095154,0.0007469868869520724
355,2.899419608525932,1.9786449670791626,0.0007652492495253682
356,2.9145754519850016,0.8238940834999084,0.0007795107667334378
357,2.933353688567877,0.7508492469787598,0.0008011834579519928
358,2.951592355966568,0.621149480342865,0.0008224743069149554
359,2.951729351654649,0.7813152074813843,0.0008455129573121667
360,2.9640739550814033,0.6228559017181396,0.0008263438357971609
361,2.985028462484479,0.5051310658454895,0.0008457864751107991
362,2.9697891250252724,1.0927324295043945,0.000823927519377321
363,2.954868291504681,1.530876636505127,0.000851585587952286
364,2.9879687558859587,0.8198029398918152,0.0008149798377417028
365,2.976100606843829,0.6504248380661011,0.0008381388615816832
366,2.939652764238417,1.188435673713684,0.000808452779892832
367,2.9760003592818975,0.44302117824554443,0.0008289868710562587
368,2.945970393717289,1.8979706764221191,0.0008252193802036345
369,2.9207134563475847,0.5071644186973572,0.0007419568719342351
370,2.9052432999014854,0.6369353532791138,0.0007076725596562028
371,2.893047008663416,2.050905466079712,0.0007307124324142933
372,2.8870295444503427,0.715376079082489,0.0007308259955607355
373,2.8868993585929275,2.8043370246887207,0.0007383047486655414
374,2.8716910099610686,5.657875061035156,0.0007451684796251357
375,2.8901549968868494,0.43626993894577026,0.0007776881102472544
376,2.8936968073248863,0.6238743662834167,0.0008292332640849054
377,2.9151050662621856,0.588131844997406,0.0008519698167219758
378,2.908865767531097,0.5177074670791626,0.0008478286326862872
379,2.929970880970359,1.039014458656311,0.0008424053667113185
380,2.917915230616927,0.9934396147727966,0.0008402749081142247
381,2.9243035446852446,0.8146874308586121,0.0008796443580649793
382,2.951482141390443,0.808761477470398,0.000866446818690747
383,2.957596592605114,0.9838347434997559,0.0008791197324171662
384,2.957791779190302,0.5959097146987915,0.000890236406121403
385,3.0031244615092874,1.032092571258545,0.0008922978304326534
386,2.942582068964839,0.7135909199714661,0.0008704685606062412
387,2.9362050127238035,1.3663784265518188,0.0008416278287768364
388,2.9239136865362525,0.49218159914016724,0.0008041024557314813
389,2.899388214573264,1.4908639192581177,0.0007835561991669238
390,2.896215794607997,1.00306236743927,0.0007736131665296853
391,2.880895166657865,0.9793375134468079,0.0007818890153430402
392,2.893134517595172,0.6063225269317627,0.0008057454833760858
393,2.883903014473617,0.7257765531539917,0.0007951855659484863
394,2.8868845561519265,0.9390175342559814,0.0008021452813409269
395,2.871667512692511,4.205088138580322,0.0008125500753521919
396,2.8745075231418014,1.4094630479812622,0.0008078612736426294
397,2.8683982975780964,0.8634121417999268,0.0008164742612279952
398,2.8683982975780964,0.5666552782058716,0.0008288018289022148
399,2.8684080028906465,0.8170991539955139,0.0008406391134485602
400,2.868425809778273,0.7824772000312805,0.000852120341733098
401,2.8683982975780964,0.6206603646278381,0.0008593334932811558
402,2.8683982975780964,0.5830462574958801,0.0008674152195453644
403,2.8683982975780964,0.4277094602584839,0.0008746183011680841
404,2.8683982975780964,1.2537931203842163,0.0008809126447886229
405,2.8683982975780964,0.6022469401359558,0.0008864031406119466
406,2.8683982975780964,0.720206081867218,0.0008911685436032712
407,2.8683982975780964,1.4830302000045776,0.0008952906937338412
408,2.8683982975780964,1.043952465057373,0.0008988478220999241
409,2.8683982975780964,0.7319774627685547,0.0009019126882776618
410,2.871443210169673,1.2802120447158813,0.0009057628340087831
411,2.868452393449843,1.1137220859527588,0.0009107599034905434
412,2.8683982975780964,0.4734075665473938,0.0009074905538000166
413,2.8683982975780964,0.6363659501075745,0.000909396621864289
414,2.8683982975780964,0.9691234230995178,0.0009111379040405154
415,2.8683982975780964,1.5214980840682983,0.000912700139451772
416,2.868415075354278,0.8380399346351624,0.0009150629630312324
417,2.8684090711176395,0.7405383586883545,0.0009161066263914108
418,2.8684474248439074,0.642221212387085,0.0009184698574244976
419,2.868421063758433,0.650443434715271,0.0009175505256280303
420,2.8714398639276624,0.5038029551506042,0.000917969096917659
421,2.8684119768440723,0.5348895192146301,0.0009186914539895952
422,2.8744897078722715,2.0600478649139404,0.0009205643436871469
423,2.871496208012104,0.5953267216682434,0.0009214968886226416
424,2.868403528816998,0.536061704158783,0.0009168200194835663
425,2.868511659093201,0.992531418800354,0.0009253830648958683
426,2.86845226585865,0.49423855543136597,0.0009203638765029609
427,2.8684427877888083,0.3184259831905365,0.000918297388125211
428,2.871516413986683,4.431621074676514,0.0009225125540979207
429,2.868470129556954,0.4529566764831543,0.0009213481680490077
430,2.88996753282845,0.7460936903953552,0.0009408678743056953
431,2.886848400346935,1.7613507509231567,0.0009323439444415271
432,2.8747898414731026,0.4715568721294403,0.0009256900520995259
433,2.893128107301891,2.750169515609741,0.0009227677364833653
434,2.8746464531868696,0.389484167098999,0.0009017132106237113
435,2.8685257602483034,0.9630414843559265,0.000900247716344893
436,2.8715214794501662,0.43544405698776245,0.0008998137200251222
437,2.8806657725945115,0.43019071221351624,0.0009054591646417975
438,2.877739492803812,0.5396101474761963,0.0009109072270803154
439,2.8806622084230185,0.7458257079124451,0.0009019068093039095
440,2.883800712414086,0.559495747089386,0.000907610694412142
441,2.8746791388839483,1.318778157234192,0.0009093942353501916
442,2.880883197300136,1.2688453197479248,0.0009163443464785814
443,2.8778504887595773,1.289164423942566,0.0009134361171163619
444,2.893521284684539,1.0305910110473633,0.0009569863905198872
445,2.911578637547791,1.7011010646820068,0.0009346480364911258
446,2.8839456057175994,0.590008020401001,0.0009066425263881683
447,2.87488229572773,2.3054211139678955,0.0008982255239970982
448,2.899485409259796,1.4060087203979492,0.000921720580663532
449,2.9000948760658503,0.969886302947998,0.0009558012243360281
450,2.9821573989465833,1.0237772464752197,0.0009853419614955783
451,2.9546169973909855,23.54240608215332,0.0009280795347876847
452,3.0606807423755527,0.8199117183685303,0.0014509566826745868
453,2.78852317109704,0.5231874585151672,0.0018829955952242017
454,2.7788835195824504,0.7316548824310303,0.0017607152694836259
455,2.7695373902097344,0.38986414670944214,0.0016931165009737015
456,2.787715256214142,1.3117049932479858,0.0014878574293106794
457,2.7542667128145695,0.649071455001831,0.0015500836307182908
458,2.7848356449976563,1.322213053703308,0.0014749711845070124
459,2.7664383007213473,0.4755082428455353,0.0014360883506014943
460,2.805648331530392,0.657085657119751,0.001364208641462028
461,2.766155413351953,1.4625208377838135,0.001392083358950913
462,2.7719341022893786,1.453368902206421,0.0013385392958298326
463,2.7757660457864404,1.176313042640686,0.0012183599174022675
464,2.7790852058678865,0.5598042011260986,0.0012000486021861434
465,2.803541500121355,1.115905523300171,0.0010849498212337494
466,2.7695924481377006,0.6993253827095032,0.0012173738796263933
467,2.775489146821201,2.000135898590088,0.0012050927616655827
468,2.78187607601285,0.7633272409439087,0.0011469173477962613
469,2.76015296112746,2.5649235248565674,0.0012278270442038774
470,2.828040805645287,0.621863067150116,0.0010165442945435643
471,2.8158980701118708,0.9186712503433228,0.0010151667520403862
472,2.7882509250193834,0.9070245027542114,0.001056673820130527
473,2.7789025492966175,0.7372820377349854,0.0011110533960163593
474,2.775705515407026,0.7693944573402405,0.0011439442168921232
475,2.785506253130734,0.3875919282436371,0.0010709355119615793
476,2.7914485223591328,1.4458565711975098,0.001072651706635952
477,2.830761831253767,0.35829371213912964,0.0010343134636059403
478,2.809472743421793,2.744537591934204,0.001061488757841289
479,2.7727983379736543,0.6598917841911316,0.0011077150702476501
480,2.7884670104831457,0.9602100849151611,0.0010476327734068036
481,2.7913747169077396,0.3372456431388855,0.0010357097489759326
482,2.7914069704711437,0.6942375302314758,0.0010564574040472507
483,2.797612161375582,3.7352633476257324,0.0010837404988706112
484,2.8494097432121634,0.5184213519096375,0.0009972993284463882
485,2.7979691876098514,1.3386375904083252,0.0010311120422556996
486,2.8284114990383387,0.8144844770431519,0.0009962512413039804
487,2.7982582664117217,0.9131152629852295,0.001036166213452816
488,2.807551460340619,12.402082443237305,0.0009764921851456165
489,2.78819783590734,33.28031921386719,0.0011697302106767893
490,2.759426450356841,4.141881465911865,0.0014262618497014046
491,2.7463803524151444,0.6848976612091064,0.0015111936954781413
492,2.7493405183777213,0.5686464309692383,0.0014738658210262656
493,2.749294001609087,0.44256800413131714,0.0013868834357708693
494,2.740109298378229,0.5164758563041687,0.0014001007657498121
495,2.7399303866550326,0.39047449827194214,0.001396635314449668
496,2.755411465652287,1.7021845579147339,0.0013000464532524347
497,2.7403093203902245,1.0874484777450562,0.0012716628843918443
498,2.7525353776291013,1.3103421926498413,0.001261641038581729
499,2.7464960543438792,0.48901745676994324,0.0012621585046872497
500,2.7461921758949757,0.4879341721534729,0.0012852078070864081
501,2.74316999129951,0.9824234247207642,0.0012632920406758785
502,2.7492528380826116,0.8655742406845093,0.001264828140847385
503,2.7430404974147677,0.6654734015464783,0.001290247542783618
504,2.746232360601425,0.7518423795700073,0.0012392171192914248
505,2.746297122910619,0.5044547915458679,0.0012424642918631434
506,2.7432406414300203,1.1478127241134644,0.001237349002622068
507,2.746247668750584,1.6854456663131714,0.0012599446345120668
508,2.7402090653777122,1.0686453580856323,0.001239696517586708
509,2.74630874581635,1.128800630569458,0.0012369154719635844
510,2.7520882999524474,0.4041440188884735,0.001278742216527462
511,2.7432945277541876,0.8304941058158875,0.0012193232541903853
512,2.7492176219820976,1.4750304222106934,0.0012421279679983854
513,2.7521939519792795,1.6624388694763184,0.001251501264050603
514,2.761712070554495,0.6183841228485107,0.001179052283987403
515,2.7522377436980605,0.46814385056495667,0.0012370417825877666
516,2.7436995562165976,5.031950950622559,0.0012041195295751095
517,2.740306442603469,0.6447354555130005,0.0012432398507371545
518,2.740042774938047,0.6212300658226013,0.0012634051963686943
519,2.7432838352397084,1.4866694211959839,0.001222655177116394
520,2.7491659112274647,0.5404801964759827,0.0012214400339871645
521,2.7432784447446465,0.8372305035591125,0.0012284480035305023
522,2.7431164709851146,3.952401876449585,0.0012395826634019613
523,2.749260837212205,1.156814694404602,0.001258396776393056
524,2.7464115181937814,0.4630087614059448,0.0011974480003118515
525,2.746543060988188,0.35708698630332947,0.0011977452086284757
526,2.7527901120483875,0.3906562626361847,0.0011846245033666492
527,2.7618325166404247,1.375259518623352,0.0011628406355157495
528,2.752550447359681,1.2669756412506104,0.0012169157853350043
529,2.749662625603378,2.5870299339294434,0.0011998731642961502
530,2.7559937480837107,0.6364583373069763,0.001172869116999209
531,2.7497366229072213,0.5873594880104065,0.0011848859721794724
532,2.7531383810564876,0.6462176442146301,0.0011918898671865463
533,2.749841121956706,0.7718868851661682,0.0012188832042738795
534,2.7560550896450877,0.5028442144393921,0.0012085720663890243
535,2.7526929266750813,0.6253349184989929,0.0012700993102043867
536,2.7434232933446765,1.147682785987854,0.0012685686815530062
537,2.755817466415465,0.6544612646102905,0.0012097681174054742
538,2.765005387365818,0.48356953263282776,0.0011903351405635476
539,2.7589464439079165,0.7300921678543091,0.0011756886960938573
540,2.7532991729676723,1.2102200984954834,0.001195511082187295
541,2.743560600094497,0.5987557768821716,0.0012655480531975627
542,2.752761697396636,0.43897712230682373,0.0012053735554218292
543,2.7652252884581685,0.4731979966163635,0.0011992002837359905
544,2.7651251573115587,0.9111548662185669,0.001208106055855751
545,2.7564708096906543,0.7571748495101929,0.0011695206630975008
546,2.755905594676733,0.6666883826255798,0.0012370116310194135
547,2.758923377841711,0.7086591720581055,0.0011886866996064782
548,2.7622717805206776,0.4931333363056183,0.001186035806313157
549,2.749650393612683,0.5369362235069275,0.0012500359443947673
550,2.7469631722196937,0.9466957449913025,0.0012033297680318356
551,2.749733880162239,0.49743881821632385,0.001232415554113686
552,2.749632748775184,0.4983693063259125,0.0012625399976968765
553,2.7376616559922695,0.7491478323936462,0.0012436063261702657
554,2.7465123999863863,1.4149876832962036,0.0012797946110367775
555,2.755684729665518,0.5140978097915649,0.001249483204446733
556,2.75306227337569,0.5593990683555603,0.0012141065672039986
557,2.75272417999804,0.5558297634124756,0.001222717808559537
558,2.7526860171929,0.8639153838157654,0.001273920526728034
559,2.7676761588081717,0.5153241157531738,0.0012734788469970226
560,2.768135307356715,4.985330104827881,0.0011952004861086607
561,2.759100033901632,0.6031627655029297,0.0011909300228580832
562,2.768461803905666,1.0613759756088257,0.0011459685629233718
563,2.756205452606082,20.297727584838867,0.0011884626001119614
564,2.7601360604166985,0.5939592719078064,0.001052920357324183
565,2.7813208485022187,0.749066174030304,0.0010604307753965259
566,2.7724898932501674,2.0991945266723633,0.0010662380373105407
567,2.756664606742561,0.9900813698768616,0.0011438524816185236
568,2.75651852786541,0.7378566265106201,0.0012104313354939222
569,2.7806905871257186,0.8249896764755249,0.0011900514364242554
570,2.759655083529651,1.3542108535766602,0.0012055742554366589
571,2.781782385893166,1.0353319644927979,0.0010738675482571125
572,2.7690522773191333,1.3027812242507935,0.0011570992646738887
573,2.7632732186466455,0.43503138422966003,0.0011488902382552624
574,2.7662250977009535,0.8647862076759338,0.0011254982091486454
575,2.777821240015328,0.4412631094455719,0.0011968400795012712
576,2.756353992037475,0.5944765210151672,0.0012799538671970367
577,2.7778717428445816,1.6643500328063965,0.00120354734826833
578,2.768556470051408,0.5849606990814209,0.0012126376386731863
579,2.747224912047386,0.9586253762245178,0.0012611489510163665
580,2.7533229887485504,0.8034611344337463,0.0012368939351290464
581,2.7501644054427743,0.43367457389831543,0.0012568418169394135
582,2.7469713585451245,0.7950655221939087,0.0012949536321684718
583,2.7623528772965074,1.205091953277588,0.0011923459824174643
584,2.7627517068758607,0.7640299797058105,0.0011333988513797522
585,2.7440831270068884,0.8149972558021545,0.0012354763457551599
586,2.7776033552363515,0.5483605265617371,0.001203454565256834
587,2.7593245040625334,0.45270612835884094,0.0012003651354461908
588,2.7565036099404097,0.6469465494155884,0.001214264309965074
589,2.7653176989406347,0.6354701519012451,0.0011909703025594354
590,2.7688695173710585,0.43402913212776184,0.0011210268130525947
591,2.7562152817845345,0.8989500999450684,0.0012391326017677784
592,2.7623134665191174,0.7416198253631592,0.001190117676742375
593,2.7744268737733364,1.4805030822753906,0.0012141586048528552
594,2.7527411682531238,1.950764775276184,0.0012773731723427773
595,2.762156198732555,2.2376630306243896,0.001217482378706336
596,2.7562932278960943,1.0047543048858643,0.0011963072465732694
597,2.75875489320606,0.6080357432365417,0.0012681767111644149
598,2.755867740139365,0.4602206349372864,0.0012208889238536358
599,2.740770533680916,2.1505980491638184,0.0012215205933898687
600,2.744048783555627,0.9870491623878479,0.001177378697320819
601,2.7562474524602294,1.263903021812439,0.0011563472216948867
602,2.7561296969652176,2.4270451068878174,0.0011803547386080027
603,2.744063815101981,0.9792269468307495,0.0011943763820454478
604,2.7592631969600916,0.5513352751731873,0.0011889566667377949
605,2.7561770351603627,3.8560309410095215,0.0012197019532322884
606,2.7593527333810925,1.2498875856399536,0.0011762846261262894
607,2.7589939767494798,1.8864262104034424,0.0012219635536894202
608,2.762440050020814,0.9187951683998108,0.0011650397209450603
609,2.7566878348588943,1.8193281888961792,0.0011196988634765148
610,2.7500341990962625,0.7999631762504578,0.0012327570002526045
611,2.7621123073622584,0.8597204685211182,0.0012285941047593951
612,2.7649561082944274,0.7098317742347717,0.001241203281097114
613,2.768057944253087,2.146847724914551,0.0012286535929888487
614,2.7592483665794134,0.4875081777572632,0.0012016728287562728
615,2.755720247514546,0.39409223198890686,0.0012756003998219967
616,2.7590305749326944,0.5181741118431091,0.0012061037123203278
617,2.761999043636024,1.3137381076812744,0.001223780564032495
618,2.759019646793604,1.532867431640625,0.0012066694907844067
619,2.7564620189368725,0.6813921332359314,0.0011350290151312947
620,2.7532058330252767,0.9036451578140259,0.0011908675078302622
621,2.768202449195087,1.73740816116333,0.00118329469114542
622,2.7501555858179927,0.719998300075531,0.0012013909872621298
623,2.7600803151726723,0.4577389359474182,0.0011027260916307569
624,2.7687426237389445,4.39901065826416,0.0011262526968494058
625,2.7625094894319773,0.7596010565757751,0.0011836691992357373
626,2.766210490837693,0.5512828230857849,0.001111175981350243
627,2.765754761174321,1.0806392431259155,0.0011571808718144894
628,2.784342913888395,0.6977009177207947,0.001108507625758648
629,2.814496601000428,0.6338348984718323,0.0011020355159416795
630,2.7564675081521273,0.9261665940284729,0.0011900749523192644
631,2.75363258831203,0.4777996242046356,0.0011680381139740348
632,2.7598841972649097,2.0189075469970703,0.0011809407733380795
633,2.774817580357194,0.5631626844406128,0.0011810882715508342
634,2.762241885997355,0.5799162983894348,0.0012498607393354177
635,2.7627138486132026,0.45599597692489624,0.0011880071833729744
636,2.774892316199839,22.16092300415039,0.001164178946055472
637,2.7361263977363706,0.9286717772483826,0.0015197658212855458
638,2.735862330533564,0.9591058492660522,0.0015034123789519072
639,2.735781858675182,0.9494283199310303,0.0014558749971911311
640,2.7357684578746557,0.5998628735542297,0.0013936777831986547
641,2.7358449464663863,0.7079847455024719,0.0013893690193071961
642,2.73581316601485,1.7926708459854126,0.0013640272663906217
643,2.735799723304808,0.5284106135368347,0.0013534799218177795
644,2.738864704966545,1.2441614866256714,0.0013342010788619518
645,2.7357745934277773,0.8816141486167908,0.0013276872923597693
646,2.7357725026085973,0.5647103190422058,0.0013211154146119952
647,2.735749326646328,0.7491501569747925,0.0013135013869032264
648,2.7357737980782986,1.501130223274231,0.0013034463627263904
649,2.7357773976400495,1.1927353143692017,0.001292182831093669
650,2.7357775270938873,0.430938720703125,0.0012851994251832366
651,2.7357892813161016,1.2206878662109375,0.0012779224198311567
652,2.735835015773773,1.3549907207489014,0.0012668682029470801
653,2.735727060586214,1.1002999544143677,0.001271347631700337
654,2.735856683924794,1.2751426696777344,0.0012538739247247577
655,2.7357338555157185,0.6336691379547119,0.0012613671133294702
656,2.7357379496097565,1.334262728691101,0.0012554900022223592
657,2.735805098898709,0.8968958258628845,0.001245437073521316
658,2.7357408963143826,0.5917569398880005,0.001248503802344203
659,2.735824789851904,0.4607132077217102,0.001238067983649671
660,2.7357947435230017,2.425360918045044,0.0012429367052391171
661,2.7358479080721736,1.008780598640442,0.001245667808689177
662,2.7358201667666435,0.670348048210144,0.0012505055638030171
663,2.7388519709929824,0.7437321543693542,0.0012517489958554506
664,2.735778331756592,0.5563583970069885,0.0012590723345056176
665,2.7357675768435,1.4874780178070068,0.0012604090152308345
666,2.735851955600083,3.2706174850463867,0.001251425826922059
667,2.735757795162499,0.5877438187599182,0.0012627437245100737
668,2.735735261812806,0.4780987799167633,0.0012647658586502075
669,2.7357414150610566,0.5953031182289124,0.0012625488452613354
670,2.7357181385159492,0.4270610213279724,0.0012650949647650123
671,2.735725116916001,0.41751059889793396,0.001264248974621296
672,2.7357234014198184,0.7905755043029785,0.001264094957150519
673,2.7357664527371526,0.9978243112564087,0.0012586385710164905
674,2.7357444586232305,0.7507966160774231,0.0012620704947039485
675,2.735732396133244,0.4383966326713562,0.0012631615391001105
676,2.7357167750597,1.479001760482788,0.0012637986801564693
677,2.7357176458463073,3.289179801940918,0.0012631166027858853
678,2.7357167750597,0.6421518921852112,0.0012629557168111205
679,2.7357421759516,1.731951117515564,0.0012644525850191712
680,2.7357167750597,0.767449676990509,0.0012570013059303164
681,2.7357167750597,0.8151383996009827,0.0012586332159116864
682,2.7357167750597,1.348253607749939,0.0012574269203469157
683,2.7357167750597,0.5163103342056274,0.0012617468601092696
684,2.735743756406009,0.6441104412078857,0.0012553369160741568
685,2.7357167750597,0.8088297247886658,0.0012657209299504757
686,2.7357405303046107,0.9040518999099731,0.001268332009203732
687,2.7357167750597,0.4469854235649109,0.0012679133797064424
688,2.7357167750597,0.6468796133995056,0.0012663640081882477
689,2.7357257856056094,0.9342385530471802,0.001264324295334518
690,2.735724724829197,0.46285173296928406,0.0012640764471143484
691,2.7357167750597,0.7370453476905823,0.0012638757470995188
692,2.7357167750597,0.4858708381652832,0.0012616035528481007
693,2.735729830339551,0.5961588621139526,0.0012589833931997418
694,2.7357234125956893,0.8988407850265503,0.0012467184569686651
695,2.7357309609651566,1.6115691661834717,0.0012438668636605144
696,2.7357167750597,0.5756872296333313,0.0012512756511569023
697,2.7357398541644216,0.8732918500900269,0.0012564434437081218
698,2.7357167750597,1.252709150314331,0.0012625636300072074
699,2.7357664108276367,1.3944716453552246,0.00125870609190315
700,2.7357167750597,0.5621550679206848,0.0012626713141798973
701,2.7357524503022432,0.99869704246521,0.001259281998500228
702,2.7357167750597,0.8701683878898621,0.0012616103049367666
703,2.7357495008036494,1.0706883668899536,0.001258491538465023
704,2.7357189040631056,5.411657810211182,0.0012606679229065776
705,2.7357167750597,0.6896357536315918,0.001267364015802741
706,2.7357167750597,1.9839656352996826,0.0012587889796122909
707,2.7357167750597,2.2987313270568848,0.0012363775167614222
708,2.7357167750597,0.9561262130737305,0.0012483776081353426
709,2.735743308439851,1.0386083126068115,0.001265825005248189
710,2.735749372281134,1.268701195716858,0.0012740851379930973
711,2.735740258358419,4.612534523010254,0.0012759565142914653
712,2.735769296064973,0.9040058851242065,0.0012729082955047488
713,2.7357528395950794,1.5316863059997559,0.0012694670585915446
714,2.7357726031914353,3.0821690559387207,0.001265726168639958
715,2.735717068426311,0.5970034003257751,0.0012675737962126732
716,2.7357343500480056,0.6011659502983093,0.0012647055555135012
717,2.7357167750597,0.7670462131500244,0.001263924757950008
718,2.7357764411717653,1.5264463424682617,0.0012579308822751045
719,2.7357243159785867,1.4808239936828613,0.0012617616448551416
720,2.7357210014015436,0.5340549349784851,0.0012613609433174133
721,2.735736498609185,0.8316764235496521,0.0012595178559422493
722,2.7357455119490623,0.4971127212047577,0.0012574405409395695
723,2.7357191033661366,0.5748670101165771,0.0012570483377203345
724,2.7357374327257276,1.4309669733047485,0.0012509870575740933
725,2.7357303760945797,0.5006686449050903,0.0012521517928689718
726,2.7357354583218694,0.5303305983543396,0.0012526251375675201
727,2.7357251159846783,0.5755406618118286,0.0012536938302218914
728,2.7357167750597,1.1925817728042603,0.0012551704421639442
729,2.7357167750597,0.6957066059112549,0.0012553759152069688
730,2.7357167750597,0.5654202103614807,0.00125663832295686
731,2.7357396800071,0.48206984996795654,0.001257819589227438
732,2.735730240121484,1.0130481719970703,0.001258541946299374
733,2.7357228696346283,0.635826587677002,0.0012684345711022615
734,2.7357167750597,1.7920595407485962,0.0012468168279156089
735,2.735730303451419,10.001815795898438,0.001248211250640452
736,2.7357167750597,0.7781732678413391,0.0012514565605670214
737,2.7357167750597,0.4801364541053772,0.0012524995254352689
738,2.735717076808214,1.4082037210464478,0.0012521605240181088
739,2.7357214726507664,1.9445255994796753,0.00125276914332062
740,2.7357167750597,0.5337895750999451,0.0012523862533271313
741,2.7357167750597,0.33165520429611206,0.0012528810184448957
742,2.7357167750597,1.3727539777755737,0.0012527302606031299
743,2.7357167750597,0.29388427734375,0.0012527804356068373
744,2.7357167750597,0.7810907959938049,0.0012530720559880137
745,2.7357167750597,0.5235896110534668,0.0012537104776129127
746,2.7357167750597,1.167496919631958,0.0012543416814878583
747,2.7357167750597,0.6855669617652893,0.0012540557654574513
748,2.7357167750597,0.5621111989021301,0.0012538386508822441
749,2.7357167750597,0.5548678040504456,0.001253210473805666
750,2.7357234051451087,1.672235131263733,0.0012528063962236047
751,2.7357167750597,0.2651576101779938,0.00125315657351166
752,2.7357167750597,0.9215033054351807,0.0012535876594483852
753,2.7357167750597,0.4404142498970032,0.0012511374661698937
754,2.7357167750597,0.605852484703064,0.0012459107674658298
755,2.7357167750597,0.45567935705184937,0.0012478756252676249
756,2.7357167750597,0.7579291462898254,0.0012503896141424775
757,2.7357167750597,1.2340530157089233,0.001250443747267127
758,2.7357167750597,1.0387556552886963,0.0012504527112469077
759,2.7357167750597,0.4891081750392914,0.0012501631863415241
760,2.7357167750597,0.40124714374542236,0.0012501208111643791
761,2.7357167750597,0.4185495674610138,0.0012507755309343338
762,2.7357167750597,1.759110450744629,0.0012493118410930037
763,2.7357167750597,0.4496086835861206,0.0012532289838418365
764,2.7357167750597,1.055895209312439,0.0012585141230374575
765,2.7357167750597,0.6426793336868286,0.0012434646487236023
766,2.7357167750597,1.0660094022750854,0.001233503920957446
767,2.7357167750597,0.7623403668403625,0.0012285906122997403
768,2.7357167750597,0.7335439324378967,0.0012264103861525655
769,2.7357167750597,1.3879637718200684,0.001228892244398594
770,2.7357167750597,1.1103378534317017,0.0012354375794529915
771,2.7357167750597,0.6439188718795776,0.0012409272603690624
772,2.7357167750597,0.9519433975219727,0.0012425973545759916
773,2.735717535018921,1.1568925380706787,0.0012435701210051775
774,2.7357167750597,0.46884340047836304,0.0012429904891178012
775,2.7357167750597,1.05739426612854,0.0012437752448022366
776,2.7357167750597,0.6978586912155151,0.001248523243702948
777,2.7357167750597,0.9288790225982666,0.0012594627914950252
778,2.7357167750597,0.7382482886314392,0.0012501261662691832
779,2.7357167750597,0.7960631847381592,0.0012349740136414766
780,2.7357167750597,0.4757145941257477,0.0012371746124699712
781,2.7357167750597,0.47219717502593994,0.0012389997718855739
782,2.7357167750597,0.4757791757583618,0.001240678015165031
783,2.7357167750597,0.3803955018520355,0.0012438424164429307
784,2.7357167750597,0.3836538791656494,0.0012487510684877634
785,2.7357167750597,0.4938856065273285,0.0012541746255010366
786,2.7357167750597,0.8805519342422485,0.001257988391444087
787,2.735736709088087,2.8656985759735107,0.001256768242456019
788,2.7357167750597,0.3887840211391449,0.0012552381958812475
789,2.7357167750597,0.5239400863647461,0.0012547473888844252
790,2.7357167750597,0.5135216116905212,0.0012513049878180027
791,2.7357167750597,0.5265035033226013,0.0012511119712144136
792,2.7357167750597,0.3997310698032379,0.0012496288400143385
793,2.7357167750597,1.0453314781188965,0.001247222418896854
794,2.7357167750597,4.792083263397217,0.0012430750066414475
795,2.7357167750597,0.9048047065734863,0.0012597910827025771
796,2.7357167750597,0.4510641396045685,0.0012541369069367647
797,2.7357167750597,0.8450319766998291,0.0012459596619009972
798,2.7357167750597,0.6450743079185486,0.0012493768008425832
799,2.7357167750597,1.0706992149353027,0.0012474803952500224
800,2.7357167750597,0.6403631567955017,0.0012466192711144686
801,2.7357167750597,0.9539036750793457,0.0012454413808882236
802,2.7357167750597,0.639644205570221,0.001243600039742887
803,2.7357167750597,0.6560986042022705,0.0012414954835548997
804,2.7357167750597,0.9416757822036743,0.0012408174807205796
805,2.7357167750597,0.4250091314315796,0.0012412081705406308
806,2.7357167750597,15.202265739440918,0.0012408900074660778
807,2.7357167750597,0.6867842078208923,0.0012415205128490925
808,2.7357167750597,2.512749433517456,0.0012417875695973635
809,2.7357167750597,0.8245189189910889,0.0012429134221747518
810,2.7357167750597,0.9222046136856079,0.0012442958541214466
811,2.7357167750597,1.0502878427505493,0.0012539352755993605
812,2.7357167750597,55.28860092163086,0.0012570968829095364
813,2.7357167750597,0.4562816917896271,0.0012521715834736824
814,2.7357167750597,0.5620448589324951,0.0012458724668249488
815,2.7357167750597,0.8756638765335083,0.0012385295704007149
816,2.7357167750597,0.8014190793037415,0.0012311248574405909
817,2.7357167750597,0.665225088596344,0.0012249171268194914
818,2.7357167750597,1.6820712089538574,0.0012212971923872828
819,2.7357167750597,0.5365453958511353,0.0012196397874504328
820,2.7357167750597,0.9772101044654846,0.0012194948503747582
821,2.7357167750597,0.790008544921875,0.0012222678633406758
822,2.7357167750597,0.6337504982948303,0.0012282944517210126
823,2.7357167750597,35.67557144165039,0.0012345131253823638
824,2.7357167750597,0.9170066714286804,0.0012374022044241428
825,2.7357167750597,1.205114722251892,0.0012372193159535527
826,2.7357167750597,0.6051244735717773,0.0012376158265396953
827,2.7357167750597,2.9397337436676025,0.0012361927656456828
828,2.7357167750597,0.8026081919670105,0.0012359577231109142
829,2.7357167750597,0.6676449775695801,0.0012370795011520386
830,2.7357167750597,0.4089939594268799,0.001240807119756937
831,2.7357167750597,0.507556140422821,0.0012550328392535448
832,2.7357167750597,0.46835625171661377,0.0012319815577939153
833,2.7357167750597,0.7466533184051514,0.0012366139562800527
834,2.7357167750597,0.5589808821678162,0.0012385087320581079
835,2.7357167750597,0.9181339740753174,0.001236871350556612
836,2.7357167750597,0.908255934715271,0.001236520940437913
837,2.7357167750597,0.5512685179710388,0.001236219541169703
838,2.7357167750597,0.3753071129322052,0.0012361550470814109
839,2.7357167750597,0.7321981191635132,0.001236351323314011
840,2.7357167750597,2.938239574432373,0.0012363642454147339
841,2.7357167750597,1.2072166204452515,0.00123578030616045
842,2.7357167750597,0.4783872961997986,0.001235572504810989
843,2.7357167750597,0.37614306807518005,0.001234714058227837
844,2.7357167750597,0.7031227350234985,0.0012343135895207524
845,2.7357167750597,28.98800277709961,0.001233671442605555
846,2.7357167750597,7.677362442016602,0.0012352888006716967
847,2.7357167750597,0.6538823246955872,0.0012264881515875459
848,2.7357167750597,0.9348744750022888,0.0012231589062139392
849,2.7357167750597,0.4598884582519531,0.0012254001339897513
850,2.7357167750597,0.8638435006141663,0.0012282314710319042
851,2.7357167750597,0.43142035603523254,0.001231999252922833
852,2.7357167750597,1.053954005241394,0.0012367425952106714
853,2.7357167750597,1.1109437942504883,0.0012417847756296396
854,2.7357167750597,0.5580668449401855,0.0012458332348614931
855,2.7357167750597,0.9592559933662415,0.0012474998366087675
856,2.7357167750597,0.5807743072509766,0.0012447431217879057
857,2.7357167750597,0.9436272382736206,0.0012410248164087534
858,2.7357167750597,2.2467710971832275,0.001239738310687244
859,2.7357167750597,6.904190540313721,0.001236956799402833
860,2.7357167750597,0.4137573540210724,0.0012367183808237314
861,2.7357167750597,0.909450888633728,0.0012351484037935734
862,2.7357167750597,0.49843481183052063,0.0012293849140405655
863,2.7357167750597,0.48388558626174927,0.0012303277617320418
864,2.7357167750597,0.5279929637908936,0.0012324138078838587
865,2.7357167750597,3.1203763484954834,0.0012318374356254935
866,2.7357167750597,0.8323475122451782,0.001231315778568387
867,2.7357167750597,0.5781505703926086,0.001231714733876288
868,2.7357167750597,5.2020263671875,0.0012458465062081814
869,2.7357167750597,0.39979732036590576,0.0012203413061797619
870,2.7357167750597,0.5471644401550293,0.001241356716491282
871,2.7357167750597,2.067016839981079,0.0012307713041082025
872,2.7357167750597,0.7073011994361877,0.0012328183511272073
873,2.7357167750597,0.8829100131988525,0.0012275900226086378
874,2.7357167750597,1.226755142211914,0.001230235560797155
875,2.7357167750597,1.1158373355865479,0.0012252023443579674
876,2.7357167750597,0.8002517223358154,0.0012286131968721747
877,2.7357167750597,1.6783123016357422,0.0012247763806954026
878,2.7357167750597,1.7578307390213013,0.001225750776939094
879,2.7357167750597,0.6660029292106628,0.0012251556618139148
880,2.7357167750597,0.597804069519043,0.0012244383106008172
881,2.7357167750597,2.4601311683654785,0.0012232746230438352
882,2.7357167750597,0.8424489498138428,0.0012215778697282076
883,2.7357167750597,2.3145387172698975,0.001220333855599165
884,2.7357167750597,1.4267923831939697,0.0012204637750983238
885,2.7357167750597,0.3289421796798706,0.0012199452612549067
886,2.7357167750597,0.6284633874893188,0.0012206698302179575
887,2.7357167750597,1.762221336364746,0.001220116624608636
888,2.7357167750597,1.1298255920410156,0.0012197240721434355
889,2.7357167750597,0.6140086650848389,0.0012193764559924603
890,2.7357167750597,0.9339194297790527,0.0012219869531691074
891,2.7357167750597,0.5277146100997925,0.0012366565642878413
892,2.7357167750597,0.6445647478103638,0.0012231359723955393
893,2.7357167750597,7.328531265258789,0.0012090252712368965
894,2.7357167750597,0.32780754566192627,0.0012252300512045622
895,2.7357167750597,1.1397523880004883,0.00121417292393744
896,2.7357167750597,0.5238950848579407,0.0012214964954182506
897,2.7357167750597,0.5172121524810791,0.0012149320682510734
898,2.7357167750597,0.9205598831176758,0.0012197038158774376
899,2.7357167750597,1.2406694889068604,0.001213993295095861
900,2.7357167750597,0.6066735982894897,0.0012188809923827648
901,2.7357167750597,0.7558947801589966,0.0012131952680647373
902,2.7357167750597,0.7854461669921875,0.0012168703833594918
903,2.7357167750597,0.8625401854515076,0.0012144945794716477
904,2.7357167750597,0.7226530909538269,0.0012142857303842902
905,2.7357167750597,0.4717828929424286,0.0012139207683503628
906,2.7357167750597,1.1232880353927612,0.0012136154109612107
907,2.7357167750597,0.4335464537143707,0.001213448471389711
908,2.7357167750597,1.266296148300171,0.001213280251249671
909,2.7357167750597,0.6917932629585266,0.0012128092348575592
910,2.7357167750597,9.788274765014648,0.0012124213390052319
911,2.7357167750597,0.25943243503570557,0.0012117733713239431
912,2.7357167750597,1.4101840257644653,0.0012113548582419753
913,2.7357167750597,1.0173181295394897,0.0012109606759622693
914,2.7357167750597,2.5818533897399902,0.0012106631183996797
915,2.7357167750597,1.4476947784423828,0.0012097912840545177
916,2.7357167750597,1.2574809789657593,0.001193850883282721
917,2.7357167750597,1.4487415552139282,0.0011886415304616094
918,2.7357167750597,74.74080657958984,0.0011918838135898113
919,2.7357167750597,0.37199756503105164,0.0011977731483057141
920,2.735761497169733,0.8150083422660828,0.0012675314210355282
921,2.7357432032004,0.9663649201393127,0.001256635645404458
922,2.7357488749548793,0.49263855814933777,0.0012181464117020369
923,2.73577153775841,0.7831721305847168,0.0012369606411084533
924,2.7357651917263865,0.6125150322914124,0.001219637575559318
925,2.7357612811028957,0.5744534730911255,0.001233043265528977
926,2.7357566989958286,1.344914436340332,0.0012568094534799457
927,2.7357529401779175,0.4386013150215149,0.001198116224259138
928,2.735754530876875,0.7278725504875183,0.0012472581584006548
929,2.7357467086985707,2.8451004028320312,0.0011651578824967146
930,2.735750764608383,0.713358998298645,0.0011744204675778747
931,2.7357642706483603,1.7466214895248413,0.0012789122993126512
932,2.7357313269749284,1.1905275583267212,0.0011914082570001483
933,2.7357397051528096,0.3690551221370697,0.0011675620917230844
934,2.7357687521725893,1.3079622983932495,0.0012015396496281028
935,2.735752840526402,0.6210979223251343,0.00122533377725631
936,2.7357534943148494,0.9744493365287781,0.0011920150136575103
937,2.735825002193451,0.8596013784408569,0.0012474159011617303
938,2.735789374448359,1.7843958139419556,0.0012817824026569724
939,2.735749302431941,1.0208537578582764,0.0011880717938765883
940,2.735756575129926,0.8919177055358887,0.0011809981660917401
941,2.735759620554745,1.7186574935913086,0.0011888559674844146
942,2.735788675956428,2.4431629180908203,0.0012447468470782042
943,2.7357696034014225,3.5156302452087402,0.0011826831614598632
944,2.7357474779710174,0.5048124194145203,0.00116237613838166
945,2.735747226513922,1.1174896955490112,0.0011723473435267806
946,2.7357851285487413,0.2487730234861374,0.0012018537381663918
947,2.7357332734391093,0.6758562326431274,0.0011695052962750196
948,2.7357806814834476,1.1967999935150146,0.0011921195546165109
949,2.7357575055211782,0.5118560791015625,0.0011700437171384692
950,2.7357330890372396,0.505504846572876,0.0011644891928881407
951,2.7357745738700032,1.0956777334213257,0.0012204395607113838
952,2.7357818987220526,0.78205406665802,0.0011937245726585388
953,2.7357491413131356,0.7901908159255981,0.0011775169987231493
954,2.735765947960317,0.6540891528129578,0.0012015636311843991
955,2.7357627702876925,1.1576766967773438,0.0012079487787559628
956,2.7357601718977094,0.6258034110069275,0.0011775045422837138
957,2.7357448991388083,0.6688640713691711,0.0012265524128451943
958,2.7357745580375195,0.6095811724662781,0.0011940859258174896
959,2.7357195606455207,0.3984091579914093,0.001149843679741025
960,2.735743406228721,0.6204964518547058,0.0011690877145156264
961,2.7357375929132104,0.7225380539894104,0.0011711029801517725
962,2.735756332986057,0.6507886648178101,0.001180606079287827
963,2.7357347887009382,1.1519609689712524,0.001183695043437183
964,2.73577818274498,0.7763127684593201,0.00120485108345747
965,2.7357549788430333,1.3214274644851685,0.001182668493129313
966,2.7357167750597,0.5667096376419067,0.0011492051417008042
967,2.7357247825711966,1.1084891557693481,0.0011594147654250264
968,2.735742650926113,0.7138199806213379,0.0011822363594546914
969,2.7357293693348765,0.8887441158294678,0.00120063335634768
970,2.7357447938993573,0.4825294315814972,0.0011789296986535192
971,2.73576483130455,0.6120494604110718,0.0011960339033976197
972,2.7357247853651643,1.1291382312774658,0.0011582026490941644
973,2.7357944045215845,0.7836578488349915,0.0012183254584670067
974,2.7357426714152098,0.46664363145828247,0.00116932881064713
975,2.735773048363626,0.5130652785301208,0.0011966663878411055
976,2.735778195783496,1.4219231605529785,0.001212350558489561
977,2.735780636779964,0.4898582398891449,0.0012105158530175686
978,2.7357606077566743,1.398260235786438,0.001173391123302281
979,2.7357321409508586,0.5039441585540771,0.0011456916108727455
980,2.7357704527676105,0.4797670245170593,0.001191978924907744
981,2.7357591530308127,0.9858498573303223,0.0011769781121984124
982,2.7357184952124953,0.4279196262359619,0.0011341931531205773
983,2.735717392526567,0.849317193031311,0.0011435025371611118
984,2.7357630878686905,0.493754506111145,0.0012180572375655174
985,2.7357491506263614,0.4516529142856598,0.0012052677338942885
986,2.735732118599117,0.8174446225166321,0.0011587116168811917
987,2.7357494784519076,0.614077627658844,0.0011668703518807888
988,2.735736621543765,0.5609474778175354,0.0011700252071022987
989,2.7357858242467046,0.6484616994857788,0.0012532632099464536
990,2.735770129598677,0.5822447538375854,0.0011652582325041294
991,2.7357550263404846,0.5486767292022705,0.0011748221004381776
992,2.735748373903334,0.7236683368682861,0.0011533894576132298
993,2.73580957762897,1.2102750539779663,0.0012460558209568262
994,2.7358404379338026,0.6793264150619507,0.0012073747348040342
995,2.735726580955088,0.5217664837837219,0.0011224548798054457
996,2.7357702292501926,1.035782814025879,0.0011685171630233526
997,2.7357414914295077,0.7097827196121216,0.001147402566857636
998,2.73572691809386,0.389455646276474,0.0011088348692283034
999,2.7357167750597,0.5851027965545654,0.0011101129930466413
1000,2.7357448348775506,1.7227979898452759,0.001149150193668902
